label,value,reconciles_as,source
Total unique records identified,587,identification.total_unique_records,PubMed/MEDLINE via NCBI E-utilities; Scopus and Web of Science via authenticated export
Primary studies after screening,356,screening_rule_recomputation.primary_studies,data/processed/prisma_flow.json
Primary studies reporting an extractable accuracy measure,129,screening_rule_recomputation.primary_reporting_auc_or_sens_spec,data/processed/prisma_flow.json
Full texts retrieved,48,eligibility_fulltext.fulltext_retrieved,data/processed/prisma_flow.json
Studies contributing extracted estimates,45,eligibility_fulltext.studies_contributing_extracted_estimates,data/processed/prisma_flow.json
Extracted estimates (rows),89,eligibility_fulltext.extracted_estimates_total,data/processed/prisma_flow.json
"Eligible estimates, systematic-review scope",58,= AD-arm + PD-arm below,data/extracted/diagnostic_accuracy_extraction.csv
  of which AD-arm estimates,20,,data/extracted/diagnostic_accuracy_extraction.csv
  of which PD-arm estimates,38,,data/extracted/diagnostic_accuracy_extraction.csv
"Eligible studies, systematic-review scope (QUADAS-2/GRADE-rated)",27,= AD studies + PD studies below,data/extracted/diagnostic_accuracy_extraction.csv
  of which AD studies,13,,results/tables/quadas2_assessment.csv
  of which PD studies,14,,results/tables/quadas2_assessment.csv
"Estimates with an estimable standard error (poolable, any biofluid)",42,= circulating + CSF poolable below,data/extracted/diagnostic_accuracy_extraction.csv
Independent studies with >=1 poolable estimate (any biofluid),21,= circulating + CSF poolable studies below,data/extracted/diagnostic_accuracy_extraction.csv
  Studies with NO poolable estimate at all (excluded from every quantitative synthesis),6,= eligible studies - poolable studies,data/extracted/diagnostic_accuracy_extraction.csv
  CSF studies with any eligible row,4,,data/extracted/diagnostic_accuracy_extraction.csv
"  CSF studies that are poolable (secondary, not pooled - see csf_secondary_estimates.csv)",3,,results/tables/csf_secondary_estimates.csv
  CSF studies with NO poolable row (counted in the no-poolable-estimate row above),1,,data/extracted/diagnostic_accuracy_extraction.csv
Circulating eligible studies (systematic-review scope),23,= eligible studies - CSF studies,data/extracted/diagnostic_accuracy_extraction.csv
Circulating (primary) poolable estimates,39,= poolable - CSF poolable estimates,data/processed/prisma_flow.json
Circulating (primary) independent studies,18,= AD + PD circulating studies below,data/processed/prisma_flow.json
  of which AD circulating studies (primary pool),9,= single + panel AD below,results/tables/meta_analysis_pooled_auc_primary.csv
  of which PD circulating studies (primary pool),9,= single + panel PD below,results/tables/meta_analysis_pooled_auc_primary.csv
    AD single-miRNA studies,7,,results/tables/meta_analysis_pooled_auc_primary.csv
    AD multi-miRNA-panel studies,2,,results/tables/meta_analysis_pooled_auc_primary.csv
    PD single-miRNA studies,6,,results/tables/meta_analysis_pooled_auc_primary.csv
    PD multi-miRNA-panel studies,3,,results/tables/meta_analysis_pooled_auc_primary.csv
"Circulating candidate estimates before one-per-study selection, AD",16,,results/tables/meta_analysis_pooled_auc_primary.csv
"Circulating candidate estimates before one-per-study selection, PD",23,,results/tables/meta_analysis_pooled_auc_primary.csv
Circulating studies with >1 candidate estimate to choose from,9,= AD multi-candidate + PD multi-candidate,results/tables/one_estimate_per_study_selection_audit.csv
  of which AD,3,,results/tables/one_estimate_per_study_selection_audit.csv
  of which PD,6,,results/tables/one_estimate_per_study_selection_audit.csv
Bivariate synthesis: independent circulating studies,12,,results/tables/bivariate_summary.csv
  one-estimate-per-study analysis: estimates used,12,,results/tables/bivariate_summary.csv
  every-eligible-estimate analysis: estimates used,21,,results/tables/bivariate_summary.csv
