record_id,study_id,first_author,year,disease,marker,sensitivity,specificity,n_cases,n_controls,continuity_corrected,in_primary_analysis
E004,38618193,Duan X,2024,AD,miR-125b-1-3p,0.821,0.677,71,71,False,True
E005,38618193,Duan X,2024,AD,miR-451a,0.679,0.726,71,71,False,False
E006,33542630,Zhang M,2021,AD,miR-128,0.869,0.821,117,106,False,True
E007,28137310,Hara N,2017,AD,miR-501-3p,0.53,1.0,36,22,True,True
E020,35655754,Wu L,2022,PD,miR-153,0.548,0.747,75,73,False,True
E021,35655754,Wu L,2022,PD,miR-223,0.685,0.88,75,73,False,False
E022,38033547,Rai S,2023,PD,miR-23b-3p,0.9375,0.6875,16,16,False,True
E023,41373032,Omura T,2025,PD,miR-101,0.5,1.0,8,6,True,True
E045,10.1515/tjb-2025-0113,Miao Y,2026,AD,miR-384-5p,0.78,0.802,100,96,False,True
E051,38172670,Liang J,2024,PD,miR-675-5p,0.9327,0.3271,104,106,False,False
E052,38172670,Liang J,2024,PD,miR-1247-5p,0.4712,0.7642,104,106,False,True
E063,10.3760/cma.j.issn.0254-9026.2024.01.005,Chen T,2024,PD,miR-124,0.741,0.778,58,30,False,False
E064,10.3760/cma.j.issn.0254-9026.2024.01.005,Chen T,2024,PD,miR-1976,0.518,0.901,58,30,False,False
E065,10.3760/cma.j.issn.0254-9026.2024.01.005,Chen T,2024,PD,miR-124 + miR-1976,0.764,0.932,58,30,False,True
E066,10.3760/cma.j.cn371468-20200828-01692,Li J,2021,PD,miR-124,0.8667,0.7503,90,100,False,False
E067,10.3760/cma.j.cn371468-20200828-01692,Li J,2021,PD,miR-494,0.6111,0.79,90,100,False,False
E068,10.3760/cma.j.cn371468-20200828-01692,Li J,2021,PD,miR-124 + miR-494,0.8556,0.85,90,100,False,True
E069,10.19193/0393-6384_2020_3_291,Wu L,2020,PD,miR-9a,0.9059,0.7,85,50,False,False
E070,10.19193/0393-6384_2020_3_291,Wu L,2020,PD,miR-133b,0.8353,0.82,85,50,False,False
E071,10.19193/0393-6384_2020_3_291,Wu L,2020,PD,miR-9a + miR-133b,0.8941,0.88,85,50,False,True
E074,42492311,Chen P,2026,PD,miR-423-5p,0.8434,0.7679,83,56,False,True
E095,32077254,Li H,2020,PD,miR-150,0.775,0.883,80,60,False,True
E133,31092279,Siedlecki-Wullich D,2019,AD,miR-92a-3p,0.4737,0.9286,56,14,False,False
E134,31092279,Siedlecki-Wullich D,2019,AD,miR-181c-5p,0.7018,0.8571,56,14,False,False
E135,31092279,Siedlecki-Wullich D,2019,AD,miR-210-3p,0.807,0.7143,56,14,False,False
E136,31092279,Siedlecki-Wullich D,2019,AD,miR-92a-3p + miR-181c-5p + miR-210-3p (logistic regression),0.9286,0.7143,56,14,False,True
E142,34315950,Chen Q,2021,PD,miR-133b,0.826,0.889,46,45,False,False
E143,34315950,Chen Q,2021,PD,miR-221-3p,0.552,0.8,46,45,False,False
E144,34315950,Chen Q,2021,PD,miR-133b + miR-221-3p,0.848,0.889,46,45,False,True
E145,34315950,Chen Q,2021,PD,miR-221-3p,0.741,0.867,27,15,False,False
E146,34315950,Chen Q,2021,PD,miR-133b,0.778,0.667,27,15,False,False
E147,34315950,Chen Q,2021,PD,miR-320a,0.667,0.867,27,15,False,False
E148,34315950,Chen Q,2021,PD,miR-133b + miR-221-3p + miR-320a,0.815,0.867,27,15,False,False
E171,31420923,Wang J,2019,AD,miR-103,0.8,0.842,120,120,False,True
E172,31420923,Wang J,2019,AD,miR-107,0.775,0.592,120,120,False,False
E186,33776746,Giuliani A,2021,AD,miR-21-5p,0.55,0.707,116,41,False,False
E187,33776746,Giuliani A,2021,AD,miR-126-3p,0.383,0.875,116,41,False,True
E197,35222718,Liu Y,2022,AD,miR-4722-5p,0.697,0.848,33,33,False,False
E198,35222718,Liu Y,2022,AD,miR-615-3p,0.727,0.909,33,33,False,False
E199,35222718,Liu Y,2022,AD,miR-4722-5p + miR-615-3p,0.697,0.939,33,33,False,True
E235,37238734,Citterio LA,2023,PD,miR-7-1-5p,0.545,0.816,45,49,False,False
E236,37238734,Citterio LA,2023,PD,miR-223-3p,0.932,0.512,45,49,False,False
E237,37238734,Citterio LA,2023,PD,miR-7-1-5p x miR-223-3p (product of serum values),0.711,0.799,45,49,False,True
