family,mean_auc,n_studies,max_auc,min_auc,n_articles_mentioning
miR-146a,0.7242666666666667,3,0.7608,0.6799999999999999,22
miR-125b,0.753,1,0.753,0.753,21
miR-34a,0.738,1,0.738,0.738,18
miR-221,0.6380000000000001,2,0.7150000000000001,0.561,10
miR-214,0.929,1,0.929,0.929,10
miR-29c,0.8366666666666666,3,0.86,0.8,10
miR-223,0.829625,4,0.9159999999999999,0.7,10
miR-24,0.7483333333333334,3,0.875,0.61,10
miR-155,0.85,1,0.85,0.85,10
miR-181c,0.7024999999999999,2,0.8049999999999999,0.6,9
miR-22,0.7016666666666667,2,0.7633333333333333,0.64,9
miR-29a,0.7559999999999999,1,0.7559999999999999,0.7559999999999999,9
miR-29b,0.6679999999999999,2,0.726,0.61,9
miR-107,0.643,1,0.643,0.643,8
miR-331,0.88,1,0.88,0.88,8
miR-193b,0.7925,1,0.7925,0.7925,8
miR-21,0.7090000000000001,2,0.743,0.675,7
miR-320a,0.7616666666666667,2,0.7833333333333333,0.74,7
miR-124,0.8394999999999999,2,0.847,0.832,7
miR-132,0.7366666666666667,3,0.775,0.675,7
miR-26b,0.691,1,0.691,0.691,6
miR-206,0.85,1,0.85,0.85,6
miR-9,1.0,1,1.0,1.0,6
miR-335,0.6775,1,0.6775,0.6775,6
miR-26a,0.6,1,0.6,0.6,6
miR-27a,0.803,1,0.803,0.803,6
miR-151a,0.8026666666666666,2,0.857,0.7483333333333334,6
miR-153,0.631,1,0.631,0.631,5
miR-485,0.896,1,0.896,0.896,5
miR-451a,0.728,1,0.728,0.728,5
miR-210,0.77,1,0.77,0.77,5
miR-126,0.648,1,0.648,0.648,5
let-7g,0.6,1,0.6,0.6,5
miR-133b,0.808,1,0.808,0.808,4
miR-128,0.831,1,0.831,0.831,4
miR-25,0.635,1,0.635,0.635,4
miR-92a,0.7410000000000001,3,0.778,0.685,4
miR-374a,0.767,1,0.767,0.767,4
miR-31,0.7184999999999999,1,0.7184999999999999,0.7184999999999999,4
miR-93,0.724,1,0.724,0.724,4
miR-30b,0.65,1,0.65,0.65,4
miR-150,0.74,2,0.88,0.6,4
miR-191,0.637,1,0.637,0.637,4
miR-199a,0.741,1,0.741,0.741,4
miR-143,0.757,1,0.757,0.757,4
let-7a,0.895,1,0.895,0.895,3
miR-10b,0.79,1,0.79,0.79,3
miR-101,0.781,1,0.781,0.781,3
miR-103,0.823,1,0.823,0.823,3
miR-384,0.877,1,0.877,0.877,3
miR-501,0.82,1,0.82,0.82,3
miR-30a,0.62,1,0.62,0.62,3
miR-494,0.76,1,0.76,0.76,3
miR-23b,0.7682,1,0.7682,0.7682,2
miR-28,0.7576666666666667,1,0.7576666666666667,0.7576666666666667,2
let-7i,0.835,1,0.835,0.835,2
miR-127,0.8057,1,0.8057,0.8057,2
miR-106a,0.701,1,0.701,0.701,2
let-7f,0.848,1,0.848,0.848,2
miR-125b-1,0.765,1,0.765,0.765,1
miR-675,0.5896,1,0.5896,0.5896,1
miR-615,0.835,1,0.835,0.835,1
miR-1247,0.6201,1,0.6201,0.6201,1
miR-381,0.898,1,0.898,0.898,1
miR-1976,0.797,1,0.797,0.797,1
miR-181a,0.614,1,0.614,0.614,1
miR-202,0.892,1,0.892,0.892,1
miR-211,0.621,1,0.621,0.621,1
miR-96,0.6905,1,0.6905,0.6905,1
miR-7-1,0.7,1,0.7,0.7,1
miR-769,0.919,1,0.919,0.919,1
miR-330,0.631,1,0.631,0.631,1
miR-328,0.702,1,0.702,0.702,1
miR-323a,0.62,1,0.62,0.62,1
miR-374b,0.767,1,0.767,0.767,1
miR-4722,0.781,1,0.781,0.781,1
miR-4454,0.72,1,0.72,0.72,1
miR-661,0.75,1,0.75,0.75,1
miR-1285,0.77,1,0.77,0.77,0
miR-1227,0.76,1,0.76,0.76,0
miR-212(-3p),0.76,1,0.76,0.76,0
miR-144,0.79,1,0.79,0.79,0
miR-410,0.76,1,0.76,0.76,0
miR-6073,0.781,1,0.781,0.781,0
