subgroup,n_studies,n_estimates_collapsed,n_studies_with_multiple_estimates,pooled_auc,ci_low_wald,ci_high_wald,ci_low_hk,ci_high_hk,pi_low,pi_high,tau2_PM,I2_percent,Q,df,p_heterogeneity
AD - all markers | todos marcadores (PRIMARY 1),10,13,2,0.8284,0.7703,0.8742,0.7602,0.8803,0.5966,0.9403,0.2287,76.8,38.84,9,0.0
PD - all markers | todos marcadores (PRIMARY 2),10,28,6,0.7755,0.7014,0.8356,0.6888,0.8436,0.4621,0.9329,0.3255,98.9,786.87,9,0.0
Overall AD+PD (all eligible) | Global (SECONDARY),20,41,8,0.8016,0.7546,0.8415,0.7512,0.844,0.5526,0.9297,0.299,97.8,869.75,19,0.0
All - single miRNA | miRNA isolado,14,31,7,0.7595,0.7128,0.8008,0.7077,0.8047,0.5695,0.8829,0.1444,84.5,83.62,13,0.0
AD - single miRNA | miRNA isolado,6,7,1,0.8102,0.7515,0.8577,0.7309,0.8703,0.6097,0.921,0.1001,68.3,15.79,5,0.0075
PD - single miRNA | miRNA isolado,8,24,6,0.7212,0.6637,0.7722,0.6512,0.7819,0.5234,0.859,0.1036,83.4,42.08,7,0.0
All - multi-miRNA panel | painel multi-miRNA,9,10,1,0.8824,0.8298,0.9203,0.8188,0.9257,0.6406,0.9693,0.321,82.6,45.88,8,0.0
AD - multi-miRNA panel | painel multi-miRNA,5,6,1,0.8762,0.7571,0.9414,0.6891,0.9576,0.2688,0.9927,0.6886,84.5,25.8,4,0.0
PD - multi-miRNA panel | painel multi-miRNA,4,4,0,0.8976,0.858,0.9271,0.8273,0.9413,0.661,0.9752,0.086,63.7,8.26,3,0.0409
Biofluid | Biofluido - plasma,4,5,1,0.7429,0.6916,0.7883,0.7107,0.7727,0.6235,0.8345,0.0,0.0,0.47,3,0.926
Biofluid | Biofluido - serum,7,19,5,0.8116,0.7232,0.8765,0.6977,0.8893,0.4229,0.962,0.4097,94.8,115.11,6,0.0
