record_id,pmid,doi,first_author,year,disease,biofluid,marker_type,marker,cohort_stage,n_cases,n_controls,auc,auc_ci_low,auc_ci_high,se_auc,se_source
E001,42389429.0,10.1515/jtim-2026-0038,Qin Q,2026,AD,serum,single_miRNA,let-7i-5p,training,73.0,53.0,0.835,0.766,0.905,0.03545983497656079,reported_95CI
E002,42389429.0,10.1515/jtim-2026-0038,Qin Q,2026,AD,serum,single_miRNA,miR-92a-3p,validation,99.0,99.0,0.778,,,0.03297027746801541,Hanley-McNeil
E003,42389429.0,10.1515/jtim-2026-0038,Qin Q,2026,AD,serum,single_miRNA,miR-1285-5p,validation,99.0,99.0,0.77,,,0.03345974922438102,Hanley-McNeil
E004,38618193.0,10.2147/DNND.S444567,Duan X,2024,AD,serum_exosome,single_miRNA,miR-125b-1-3p,validation,71.0,71.0,0.765,,,0.03990842572910158,Hanley-McNeil
E005,38618193.0,10.2147/DNND.S444567,Duan X,2024,AD,serum_exosome,single_miRNA,miR-451a,validation,71.0,71.0,0.728,,,0.04225743550009323,Hanley-McNeil
E006,33542630.0,10.2147/NDT.S290925,Zhang M,2021,AD,serum,single_miRNA,miR-128,single,117.0,106.0,0.831,,,0.027218684505967938,Hanley-McNeil
E007,28137310.0,10.1186/s40478-017-0414-z,Hara N,2017,AD,serum,single_miRNA,miR-501-3p,validation,36.0,22.0,0.82,,,0.05426456159861704,Hanley-McNeil
E008,33129241.0,10.29252/ibj.25.1.62,Hojati Z,2020,AD,serum,single_miRNA,miR-661,single,18.0,18.0,0.75,,,0.08223482314425039,Hanley-McNeil
E014,32585840.0,10.3390/biom10060945,Oliveira SR,2020,PD,serum,single_miRNA,miR-146a-5p,discovery,20.0,20.0,0.74,,,0.07907924219572851,Hanley-McNeil
E015,32585840.0,10.3390/biom10060945,Oliveira SR,2020,PD,serum,single_miRNA,miR-335-3p,discovery,20.0,20.0,0.74,,,0.07907924219572851,Hanley-McNeil
E016,32585840.0,10.3390/biom10060945,Oliveira SR,2020,PD,serum,single_miRNA,miR-335-5p,discovery,20.0,20.0,0.71,,,0.08230562804735003,Hanley-McNeil
E017,32585840.0,10.3390/biom10060945,Oliveira SR,2020,PD,serum,single_miRNA,miR-146a-5p,validation,17.0,14.0,0.62,,,0.10137269022849874,Hanley-McNeil
E018,32585840.0,10.3390/biom10060945,Oliveira SR,2020,PD,serum,single_miRNA,miR-335-3p,validation,17.0,14.0,0.67,,,0.09727403574976218,Hanley-McNeil
E019,32585840.0,10.3390/biom10060945,Oliveira SR,2020,PD,serum,single_miRNA,miR-335-5p,validation,17.0,14.0,0.59,,,0.10318940566049067,Hanley-McNeil
E020,35655754.0,10.3389/fnins.2022.865139,Wu L,2022,PD,plasma,single_miRNA,miR-153,single,75.0,73.0,0.631,,,0.04555659658017884,Hanley-McNeil
E021,35655754.0,10.3389/fnins.2022.865139,Wu L,2022,PD,plasma,single_miRNA,miR-223,single,75.0,73.0,0.862,,,0.030674171349785694,Hanley-McNeil
E022,38033547.0,10.3389/fnins.2023.1174951,Rai S,2023,PD,plasma,single_miRNA,miR-23b-3p,single,16.0,16.0,0.8086,,,0.0782030331219644,Hanley-McNeil
E023,41373032.0,10.1186/s13104-025-07604-6,Omura T,2025,PD,plasma,single_miRNA,miR-101,single,8.0,6.0,0.781,0.547,1.0,0.11556334708188516,reported_95CI
E024,33416118.0,10.3892/ijmm.2020.4806,Grossi I,2020,PD,plasma_EV,single_miRNA,miR-34a-5p,single,15.0,14.0,0.738,0.557,0.919,0.09234863497492811,reported_95CI
E030,41836608.0,10.1038/s44328-026-00086-x,Yang SJ,2026,AD,plasma_neuronal_EV,single_miRNA,miR-132-3p,single,31.0,27.0,0.76,,,0.06268915290584713,Hanley-McNeil
E031,42389429.0,10.1515/jtim-2026-0038,Qin Q,2026,AD,serum,multi_miRNA_panel,7-miRNA panel,training,73.0,53.0,0.97,0.943,0.997,0.013775763228304205,reported_95CI
E032,42389429.0,10.1515/jtim-2026-0038,Qin Q,2026,AD,serum,multi_miRNA_panel,7-miRNA panel,validation,99.0,99.0,0.928,0.892,0.965,0.018622791030855658,reported_95CI
E033,32962113.0,10.3390/jcm9093016,Karaglani M,2020,AD,blood,multi_miRNA_panel,3-miRNA biosignature,single,48.0,22.0,0.975,0.908,1.0,0.023469818833407135,reported_95CI
E041,38200052.0,10.1038/s41531-023-00628-4,Li Y,2024,PD,plasma_EV,multi_miRNA_panel,EV-miRNA SVM classifier,training,32.0,35.0,0.917,0.913,0.92,0.03653278772347359,Hanley-McNeil (reported CI implausibly narrow)
E043,34042273.0,10.1002/kjm2.12391,Dong LH,2021,AD,serum,single_miRNA,miR-202,single,121.0,86.0,0.892,,,0.022102887528431862,Hanley-McNeil
E045,,10.1515/tjb-2025-0113,Miao Y,2026,AD,serum,single_miRNA,miR-384-5p,single,100.0,96.0,0.877,,,0.02513640028022148,Hanley-McNeil
E051,38172670.0,10.1186/s11658-023-00516-y,Liang J,2024,PD,serum,single_miRNA,miR-675-5p,single,104.0,106.0,0.5896,0.5115,0.6678,0.039873181344147135,reported_95CI
E052,38172670.0,10.1186/s11658-023-00516-y,Liang J,2024,PD,serum,single_miRNA,miR-1247-5p,single,104.0,106.0,0.6201,0.5443,0.6959,0.03867417972983176,reported_95CI
E063,,10.3760/cma.j.issn.0254-9026.2024.01.005,Chen T,2024,PD,serum,single_miRNA,miR-124,single,58.0,30.0,0.832,,,0.04239009028304103,Hanley-McNeil
E064,,10.3760/cma.j.issn.0254-9026.2024.01.005,Chen T,2024,PD,serum,single_miRNA,miR-1976,single,58.0,30.0,0.797,,,0.04672569040867667,Hanley-McNeil
E065,,10.3760/cma.j.issn.0254-9026.2024.01.005,Chen T,2024,PD,serum,multi_miRNA_panel,miR-124 + miR-1976,single,58.0,30.0,0.912,,,0.02994642532520144,Hanley-McNeil
E066,,10.3760/cma.j.cn371468-20200828-01692,Li J,2021,PD,serum,single_miRNA,miR-124,single,90.0,100.0,0.847,,,0.028951000457190144,Hanley-McNeil
E067,,10.3760/cma.j.cn371468-20200828-01692,Li J,2021,PD,serum,single_miRNA,miR-494,single,90.0,100.0,0.76,,,0.03515361068348487,Hanley-McNeil
E068,,10.3760/cma.j.cn371468-20200828-01692,Li J,2021,PD,serum,multi_miRNA_panel,miR-124 + miR-494,single,90.0,100.0,0.898,,,0.023889751648610392,Hanley-McNeil
E080,32962113.0,10.3390/jcm9093016,Karaglani M,2020,AD,serum,multi_miRNA_panel,25-miRNA ridge biosignature (dataset 2),cross-validated,301.0,288.0,0.797,0.746,0.845,0.025255565918557682,reported_95CI
E081,32962113.0,10.3390/jcm9093016,Karaglani M,2020,AD,serum,multi_miRNA_panel,"25-miRNA ridge biosignature (dataset 2, test split)",validation,84.0,73.0,0.807,,,0.03439739047678604,Hanley-McNeil
E082,38200052.0,10.1038/s41531-023-00628-4,Li Y,2024,PD,plasma_EV,multi_miRNA_panel,EV-miRNA SVM classifier,validation,21.0,25.0,0.916,0.911,0.921,0.04533559666260125,Hanley-McNeil (reported CI implausibly narrow)
E083,32585840.0,10.3390/biom10060945,Oliveira SR,2020,PD,serum,single_miRNA,miR-155-5p,validation,17.0,14.0,0.85,,,0.06966730695155005,Hanley-McNeil
E084,32585840.0,10.3390/biom10060945,Oliveira SR,2020,PD,serum,multi_miRNA_panel,miR-146a + miR-335-3p + miR-335-5p,single,37.0,34.0,0.72,,,0.06029928683698621,Hanley-McNeil
E090,29670823.0,10.1002/brb3.941,Chen L,2018,PD,plasma,single_miRNA,let-7a,single,25.0,25.0,0.895,,,0.04687864043385899,Hanley-McNeil
E091,29670823.0,10.1002/brb3.941,Chen L,2018,PD,plasma,single_miRNA,let-7f,single,25.0,25.0,0.848,,,0.05595135945719485,Hanley-McNeil
E092,29670823.0,10.1002/brb3.941,Chen L,2018,PD,plasma,single_miRNA,miR-27a,single,25.0,25.0,0.803,,,0.06291461896394307,Hanley-McNeil
E095,32077254.0,10.1002/mgg3.1189,Li H,2020,PD,serum,single_miRNA,miR-150,single,80.0,60.0,0.88,,,0.028562015926740753,Hanley-McNeil
E096,34315539.0,10.1186/s40035-021-00249-y,He S,2021,PD,serum_exosome,single_miRNA,hsa-miR-374a-5p,single,8.0,31.0,0.758,0.5721,0.994,0.10762952788928774,reported_95CI
E097,34315539.0,10.1186/s40035-021-00249-y,He S,2021,PD,serum_exosome,single_miRNA,hsa-miR-374a-5p,single,42.0,31.0,0.78,0.6733,0.8858,0.05421017937064151,reported_95CI
E098,34315539.0,10.1186/s40035-021-00249-y,He S,2021,PD,serum_exosome,single_miRNA,hsa-miR-374a-5p,single,22.0,31.0,0.763,0.6213,0.9036,0.07201662887685692,reported_95CI
E099,34315539.0,10.1186/s40035-021-00249-y,He S,2021,PD,serum_exosome,single_miRNA,hsa-miR-374b-5p,single,8.0,31.0,0.798,0.6084,0.9884,0.09694055605102948,reported_95CI
E100,34315539.0,10.1186/s40035-021-00249-y,He S,2021,PD,serum_exosome,single_miRNA,hsa-miR-374b-5p,single,42.0,31.0,0.742,0.624,0.8598,0.060154166096928315,reported_95CI
E101,34315539.0,10.1186/s40035-021-00249-y,He S,2021,PD,serum_exosome,single_miRNA,hsa-miR-374b-5p,single,22.0,31.0,0.761,0.6182,0.9038,0.0728584810741422,reported_95CI
E102,34315539.0,10.1186/s40035-021-00249-y,He S,2021,PD,serum_exosome,single_miRNA,hsa-miR-199a-3p,single,8.0,31.0,0.738,0.5597,0.9161,0.09092003730680769,reported_95CI
E105,34315539.0,10.1186/s40035-021-00249-y,He S,2021,PD,serum_exosome,single_miRNA,hsa-miR-28-5p,single,42.0,31.0,0.746,0.6347,0.8568,0.05665920394456224,reported_95CI
E108,34315539.0,10.1186/s40035-021-00249-y,He S,2021,PD,serum_exosome,single_miRNA,hsa-miR-22-5p,single,22.0,31.0,0.817,0.7023,0.9312,0.05839392968442277,reported_95CI
E111,34315539.0,10.1186/s40035-021-00249-y,He S,2021,PD,serum_exosome,single_miRNA,hsa-miR-151a-5p,single,22.0,31.0,0.741,0.6065,0.8744,0.06834309201597578,reported_95CI
E114,34315539.0,10.1186/s40035-021-00249-y,He S,2021,PD,serum_exosome,single_miRNA,hsa-miR-29a-3p,single,22.0,31.0,0.743,0.6089,0.8779,0.06862370941507089,reported_95CI
E123,26078483.0,10.1155/2015/625659,Dong H,2015,AD,serum,single_miRNA,miR-31,training,48.0,48.0,0.717,0.615,0.818,0.05178666546936575,reported_95CI
E124,26078483.0,10.1155/2015/625659,Dong H,2015,AD,serum,single_miRNA,miR-31,validation,79.0,75.0,0.72,0.639,0.801,0.04132728968491259,reported_95CI
E125,26078483.0,10.1155/2015/625659,Dong H,2015,AD,serum,single_miRNA,miR-93,training,48.0,48.0,0.755,0.66,0.85,0.04847027802551474,reported_95CI
E126,26078483.0,10.1155/2015/625659,Dong H,2015,AD,serum,single_miRNA,miR-93,validation,79.0,75.0,0.693,0.611,0.776,0.042092609864262824,reported_95CI
E127,26078483.0,10.1155/2015/625659,Dong H,2015,AD,serum,single_miRNA,miR-143,training,48.0,48.0,0.808,0.723,0.892,0.04311303677006313,reported_95CI
E128,26078483.0,10.1155/2015/625659,Dong H,2015,AD,serum,single_miRNA,miR-143,validation,79.0,75.0,0.706,0.624,0.788,0.041837503137812745,reported_95CI
E129,26078483.0,10.1155/2015/625659,Dong H,2015,AD,serum,single_miRNA,miR-146a,training,48.0,48.0,0.757,0.663,0.851,0.047960064572614584,reported_95CI
E130,26078483.0,10.1155/2015/625659,Dong H,2015,AD,serum,single_miRNA,miR-146a,validation,79.0,75.0,0.707,0.625,0.788,0.04158239641136267,reported_95CI
E131,26078483.0,10.1155/2015/625659,Dong H,2015,AD,serum,multi_miRNA_panel,"4-miRNA panel (miR-31 + miR-93 + miR-143 + miR-146a), risk score",training,48.0,48.0,0.746,0.647,0.846,0.05076623856356544,reported_95CI
E132,26078483.0,10.1155/2015/625659,Dong H,2015,AD,serum,multi_miRNA_panel,"4-miRNA panel (miR-31 + miR-93 + miR-143 + miR-146a), risk score",validation,79.0,75.0,0.709,0.628,0.791,0.04158239641136267,reported_95CI
E133,31092279.0,10.1186/s13195-019-0501-4,Siedlecki-Wullich D,2019,AD,plasma,single_miRNA,miR-92a-3p,single,56.0,14.0,0.7,,,0.07142412720498714,Hanley-McNeil
E134,31092279.0,10.1186/s13195-019-0501-4,Siedlecki-Wullich D,2019,AD,plasma,single_miRNA,miR-181c-5p,single,56.0,14.0,0.77,,,0.061859574408517234,Hanley-McNeil
E135,31092279.0,10.1186/s13195-019-0501-4,Siedlecki-Wullich D,2019,AD,plasma,single_miRNA,miR-210-3p,single,56.0,14.0,0.8,,,0.05704356452719492,Hanley-McNeil
E136,31092279.0,10.1186/s13195-019-0501-4,Siedlecki-Wullich D,2019,AD,plasma,multi_miRNA_panel,miR-92a-3p + miR-181c-5p + miR-210-3p (logistic regression),single,56.0,14.0,0.855,,,0.046979105515814024,Hanley-McNeil
E142,34315950.0,10.1038/s41598-021-94734-z,Chen Q,2021,PD,plasma,single_miRNA,miR-133b,validation,46.0,45.0,0.84,,,0.04209658696776983,Hanley-McNeil
E143,34315950.0,10.1038/s41598-021-94734-z,Chen Q,2021,PD,plasma,single_miRNA,miR-221-3p,validation,46.0,45.0,0.64,,,0.05786460614444518,Hanley-McNeil
E144,34315950.0,10.1038/s41598-021-94734-z,Chen Q,2021,PD,plasma,multi_miRNA_panel,miR-133b + miR-221-3p,validation,46.0,45.0,0.85,,,0.04084516026761827,Hanley-McNeil
E145,34315950.0,10.1038/s41598-021-94734-z,Chen Q,2021,PD,plasma,single_miRNA,miR-221-3p,training,27.0,15.0,0.8,,,0.06756595111698593,Hanley-McNeil
E146,34315950.0,10.1038/s41598-021-94734-z,Chen Q,2021,PD,plasma,single_miRNA,miR-133b,training,27.0,15.0,0.74,,,0.07650054938606533,Hanley-McNeil
E147,34315950.0,10.1038/s41598-021-94734-z,Chen Q,2021,PD,plasma,single_miRNA,miR-320a,training,27.0,15.0,0.74,,,0.07650054938606533,Hanley-McNeil
E148,34315950.0,10.1038/s41598-021-94734-z,Chen Q,2021,PD,plasma,multi_miRNA_panel,miR-133b + miR-221-3p + miR-320a,training,27.0,15.0,0.82,,,0.06409892036580196,Hanley-McNeil
E161,40184025.0,10.1007/s12035-025-04890-w,Ravanidis S,2025,PD,plasma,multi_miRNA_panel,miR-153-3p + miR-598-3p,single,25.0,25.0,0.73,,,0.07154120860522921,Hanley-McNeil
E171,31420923.0,10.1002/jcla.23006,Wang J,2019,AD,plasma,single_miRNA,miR-103,single,120.0,120.0,0.891,0.85,0.931,0.020663644842456308,reported_95CI
E172,31420923.0,10.1002/jcla.23006,Wang J,2019,AD,plasma,single_miRNA,miR-107,single,120.0,120.0,0.739,0.677,0.801,0.03163323407980963,reported_95CI
E178,42643339.0,10.3389/fnagi.2026.1788991,Sandau US,2026,AD,plasma,multi_miRNA_panel,ratio miR-23a-3p / miR-423-5p (top-2 ratio),cross-validated,87.0,82.0,0.75,0.66,0.82,0.0408170762320124,reported_95CI
E179,,10.3389/fnagi.2026.1788991#PD,Sandau US,2026,PD,plasma,multi_miRNA_panel,ratio miR-23a-3p / miR-423-5p (top-2 ratio),cross-validated,100.0,82.0,0.86,0.79,0.92,0.03316387443851009,reported_95CI
E186,33776746.0,10.3389/fnagi.2021.647015,Giuliani A,2021,AD,plasma,single_miRNA,miR-21-5p,single,116.0,41.0,0.675,,,0.04572470298473324,Hanley-McNeil
E187,33776746.0,10.3389/fnagi.2021.647015,Giuliani A,2021,AD,plasma,single_miRNA,miR-126-3p,single,116.0,41.0,0.62,,,0.04875011098745077,Hanley-McNeil
E197,35222718.0,10.3892/etm.2022.11166,Liu Y,2022,AD,serum,single_miRNA,miR-4722-5p,single,33.0,33.0,0.781,,,0.057131089195233624,Hanley-McNeil
E198,35222718.0,10.3892/etm.2022.11166,Liu Y,2022,AD,serum,single_miRNA,miR-615-3p,single,33.0,33.0,0.835,,,0.050419557563743535,Hanley-McNeil
E199,35222718.0,10.3892/etm.2022.11166,Liu Y,2022,AD,serum,multi_miRNA_panel,miR-4722-5p + miR-615-3p,single,33.0,33.0,0.87,,,0.04508197891443238,Hanley-McNeil
E216,31253822.0,10.1038/s41598-019-45687-x,Mancuso R,2019,AD,serum,single_miRNA,miR-223-3p,single,40.0,40.0,0.844,0.771,0.9,0.03290876771206002,reported_95CI
E217,,10.1038/s41598-019-45687-x#PD,Mancuso R,2019,PD,serum,single_miRNA,miR-223-3p,single,28.0,40.0,0.934,0.846,0.98,0.03418430134431041,reported_95CI
E220,37324585.0,10.3389/fnmol.2023.1127163,Piscopo P,2023,AD,plasma,single_miRNA,miR-92a-3p,single,33.0,43.0,0.76,,,0.057060826767844915,Hanley-McNeil
E221,37324585.0,10.3389/fnmol.2023.1127163,Piscopo P,2023,AD,plasma,single_miRNA,miR-320a,single,33.0,43.0,0.73,,,0.059544394712252556,Hanley-McNeil
E227,31849573.0,10.3389/fnins.2019.01208,Cha DJ,2019,AD,plasma_neuronal_EV,single_miRNA,miR-132-3p,single,16.0,31.0,0.77,0.61,0.93,0.08163415246402486,reported_95CI
E228,31849573.0,10.3389/fnins.2019.01208,Cha DJ,2019,AD,plasma_neuronal_EV,single_miRNA,miR-212(-3p),single,16.0,31.0,0.84,0.72,0.96,0.06122561434801863,reported_95CI
E231,33817253.0,10.1515/biol-2020-0060,Shu Y,2020,PD,serum,single_miRNA,miR-132-3p,single,82.0,44.0,0.7325,0.64,0.8251,0.04722025506590936,reported_95CI
E232,33817253.0,10.1515/biol-2020-0060,Shu Y,2020,PD,serum,single_miRNA,miR-146a-5p,single,82.0,44.0,0.7295,0.3658,0.8232,0.11668581667826552,reported_95CI
E235,37238734.0,10.3390/biom13050865,Citterio LA,2023,PD,serum,single_miRNA,miR-7-1-5p,single,45.0,49.0,0.7,0.6,0.8,0.05102134529001555,reported_95CI
E236,37238734.0,10.3390/biom13050865,Citterio LA,2023,PD,serum,single_miRNA,miR-223-3p,single,45.0,49.0,0.7,0.6,0.8,0.05102134529001555,reported_95CI
E237,37238734.0,10.3390/biom13050865,Citterio LA,2023,PD,serum,multi_miRNA_panel,miR-7-1-5p x miR-223-3p (product of serum values),single,45.0,49.0,0.771,,,0.0490895757348764,Hanley-McNeil
E247,34381349.0,10.3389/fnagi.2021.632891,Vallelunga A,2021,PD,serum,single_miRNA,miR-96-5p,single,51.0,56.0,0.645,,,0.05347316966181669,Hanley-McNeil
