disease,first_author,year,record_id,marker,cohort_stage,n_cases,n_controls,auc,reported_ci,se_auc_used,se_source,weight_percent,source
AD,Dong H,2015,E132,"4-miRNA panel (miR-31 + miR-93 + miR-143 + miR-146a), risk score",validation,79.0,75.0,0.709,0.628-0.791,0.0416,reported_95CI,18.6,"PubMed Central full text PMC4452867 via NCBI, read 2026-09-28 (recall check)"
AD,Siedlecki-Wullich D,2019,E136,miR-92a-3p + miR-181c-5p + miR-210-3p (logistic regression),single,56.0,14.0,0.855,,0.047,Hanley-McNeil,14.3,"PubMed Central full text PMC6521366 via NCBI, read 2026-09-28 (recall check)"
AD,Karaglani M,2020,E081,"25-miRNA ridge biosignature (dataset 2, test split)",validation,84.0,73.0,0.807,,0.0344,Hanley-McNeil,18.2,PubMed Central open-access full text
AD,Liu Y,2022,E199,miR-4722-5p + miR-615-3p,single,33.0,33.0,0.87,,0.0451,Hanley-McNeil,13.8,"PubMed Central full text PMC8815048 via NCBI, read 2026-09-28 (recall check)"
AD,Qin Q,2026,E032,7-miRNA panel,validation,99.0,99.0,0.928,0.892-0.965,0.0186,reported_95CI,16.8,PubMed Central open-access full text
AD,Sandau US,2026,E178,ratio miR-23a-3p / miR-423-5p (top-2 ratio),cross-validated,87.0,82.0,0.75,0.66-0.82,0.0408,reported_95CI,18.3,"PubMed Central full text PMC13503333 via NCBI, read 2026-09-28 (recall check)"
PD,Sandau US,2026,E179,ratio miR-23a-3p / miR-423-5p (top-2 ratio),cross-validated,100.0,82.0,0.86,0.79-0.92,0.0332,reported_95CI,16.7,"PubMed Central full text PMC13503333 via NCBI, read 2026-09-28 (recall check)"
PD,Li J,2021,E068,miR-124 + miR-494,single,90.0,100.0,0.898,,0.0239,Hanley-McNeil,17.3,Scopus record (abstract)
PD,Chen T,2024,E065,miR-124 + miR-1976,single,58.0,30.0,0.912,,0.0299,Hanley-McNeil,13.1,Scopus record (abstract)
PD,Chen Q,2021,E144,miR-133b + miR-221-3p,validation,46.0,45.0,0.85,,0.0408,Hanley-McNeil,15.0,"PubMed Central full text PMC8316346 via NCBI, read 2026-09-28 (recall check)"
PD,Citterio LA,2023,E237,miR-7-1-5p x miR-223-3p (product of serum values),single,45.0,49.0,0.771,,0.0491,Hanley-McNeil,16.6,"PubMed Central full text PMC10216839 via NCBI, read 2026-09-28 (recall check)"
PD,Li Y,2024,E082,EV-miRNA SVM classifier,validation,21.0,25.0,0.916,0.911-0.921,0.0453,Hanley-McNeil (reported CI implausibly narrow),7.7,PubMed Central open-access full text
PD,Ravanidis S,2025,E161,miR-153-3p + miR-598-3p,single,25.0,25.0,0.73,,0.0715,Hanley-McNeil,13.5,"PubMed Central full text PMC12289787 via NCBI, read 2026-09-28 (recall check)"
