study_id,first_author,year,journal,disease,n_estimates,n_estimates_eligible,rob_patient_selection,rob_patient_selection_reason,rob_index_test,rob_index_test_reason,rob_reference_standard,rob_reference_standard_reason,rob_flow_timing,rob_flow_timing_reason,app_patient_selection,app_patient_selection_reason,app_index_test,app_index_test_reason,app_reference_standard,app_reference_standard_reason,reference_standard_type,threshold_source
10.1038/s41598-019-45687-x#pd,Mancuso R,2019,Scientific reports,PD,1,1,high,contrast against healthy controls is a two-gate (case-control) design [comparison_class],high,threshold derived in the evaluation sample (single) [cohort_stage],unclear,"named clinical diagnostic criteria, which misclassify a known fraction of AD and PD cases; whether the reference standard was read without knowledge of the index test is not stated [reference_standard_quote]",unclear,"full text read: no STARD flow diagram, and neither the accounting of all enrolled participants nor the interval between sampling and diagnosis is reported [full text]",high,"only case versus healthy control contrasts [comparison_class]; note this is also what the eligibility rule required, see eligibility_circularity in the summary",low,minimally invasive circulating sample: ['serum'] [biofluid],low,the target condition is AD or PD as defined by accepted criteria,clinical_criteria_named,derived_and_evaluated_same_sample
10.1515/tjb-2025-0113,Miao Y,2026,Turkish Journal of Biochemistry,AD,1,1,high,contrast against healthy controls is a two-gate (case-control) design [comparison_class],high,threshold derived in the evaluation sample (single) [cohort_stage],unclear,"named clinical diagnostic criteria, which misclassify a known fraction of AD and PD cases; whether the reference standard was read without knowledge of the index test is not stated [reference_standard_quote]",unclear,"full text read: no STARD flow diagram, and neither the accounting of all enrolled participants nor the interval between sampling and diagnosis is reported [full text]",high,"only case versus healthy control contrasts [comparison_class]; note this is also what the eligibility rule required, see eligibility_circularity in the summary",low,minimally invasive circulating sample: ['serum'] [biofluid],low,the target condition is AD or PD as defined by accepted criteria,clinical_criteria_named,derived_and_evaluated_same_sample
10.19193/0393-6384_2020_3_291,Wu L,2020,Acta Medica Mediterranea,PD,3,3,high,contrast against healthy controls is a two-gate (case-control) design [comparison_class],high,threshold derived in the evaluation sample (single) [cohort_stage],unclear,"full text not retrievable (no_pmc_record), so the reference standard could not be checked [quadas2_study_level.csv]",unclear,"full text not retrievable, so patient flow could not be checked [quadas2_study_level.csv]",high,"only case versus healthy control contrasts [comparison_class]; note this is also what the eligibility rule required, see eligibility_circularity in the summary",low,minimally invasive circulating sample: ['serum'] [biofluid],unclear,full text not retrievable [quadas2_study_level.csv],unclear_fulltext_unavailable,derived_and_evaluated_same_sample
10.3389/fnagi.2026.1788991#pd,Sandau US,2026,Frontiers in Aging Neuroscience,PD,1,1,high,contrast against healthy controls is a two-gate (case-control) design [comparison_class],unclear,"cross-validated within one sample: better than resubstitution, but not an independent threshold [cohort_stage]",unclear,"named clinical diagnostic criteria, which misclassify a known fraction of AD and PD cases; whether the reference standard was read without knowledge of the index test is not stated [reference_standard_quote]",unclear,"full text read: no STARD flow diagram, and neither the accounting of all enrolled participants nor the interval between sampling and diagnosis is reported [full text]",high,"only case versus healthy control contrasts [comparison_class]; note this is also what the eligibility rule required, see eligibility_circularity in the summary",low,minimally invasive circulating sample: ['plasma'] [biofluid],low,the target condition is AD or PD as defined by accepted criteria,clinical_criteria_named,cross_validated_within_sample
10.3760/cma.j.cn371468-20200828-01692,Li J,2021,Chinese Journal of Behavioral Medicine and Brain Science,PD,3,3,high,contrast against healthy controls is a two-gate (case-control) design [comparison_class],high,threshold derived in the evaluation sample (single) [cohort_stage],unclear,"full text not retrievable (no_pmc_record), so the reference standard could not be checked [quadas2_study_level.csv]",unclear,"full text not retrievable, so patient flow could not be checked [quadas2_study_level.csv]",high,"only case versus healthy control contrasts [comparison_class]; note this is also what the eligibility rule required, see eligibility_circularity in the summary",low,minimally invasive circulating sample: ['serum'] [biofluid],unclear,full text not retrievable [quadas2_study_level.csv],unclear_fulltext_unavailable,derived_and_evaluated_same_sample
10.3760/cma.j.issn.0254-9026.2024.01.005,Chen T,2024,Chinese Journal of Geriatrics,PD,3,3,high,contrast against healthy controls is a two-gate (case-control) design [comparison_class],high,threshold derived in the evaluation sample (single) [cohort_stage],unclear,"full text not retrievable (no_pmc_record), so the reference standard could not be checked [quadas2_study_level.csv]",unclear,"full text not retrievable, so patient flow could not be checked [quadas2_study_level.csv]",high,"only case versus healthy control contrasts [comparison_class]; note this is also what the eligibility rule required, see eligibility_circularity in the summary",low,minimally invasive circulating sample: ['serum'] [biofluid],unclear,full text not retrievable [quadas2_study_level.csv],unclear_fulltext_unavailable,derived_and_evaluated_same_sample
26078483,Dong H,2015,Disease Markers,AD,10,10,high,contrast against healthy controls is a two-gate (case-control) design [comparison_class],high,threshold derived in the evaluation sample (training) [cohort_stage],unclear,"named clinical diagnostic criteria, which misclassify a known fraction of AD and PD cases; whether the reference standard was read without knowledge of the index test is not stated [reference_standard_quote]",unclear,"full text read: no STARD flow diagram, and neither the accounting of all enrolled participants nor the interval between sampling and diagnosis is reported [full text]",high,"only case versus healthy control contrasts [comparison_class]; note this is also what the eligibility rule required, see eligibility_circularity in the summary",low,minimally invasive circulating sample: ['serum'] [biofluid],low,the target condition is AD or PD as defined by accepted criteria,clinical_criteria_named,derived_and_evaluated_same_sample
27814298,Lusardi TA,2017,Journal of Alzheimer's disease : JAD,AD,1,1,high,contrast against healthy controls is a two-gate (case-control) design [comparison_class],high,threshold derived in the evaluation sample (single) [cohort_stage],unclear,"named clinical diagnostic criteria, which misclassify a known fraction of AD and PD cases; whether the reference standard was read without knowledge of the index test is not stated [reference_standard_quote]",unclear,"full text read: no STARD flow diagram, and neither the accounting of all enrolled participants nor the interval between sampling and diagnosis is reported [full text]",high,"only case versus healthy control contrasts [comparison_class]; note this is also what the eligibility rule required, see eligibility_circularity in the summary",low,minimally invasive circulating sample: ['CSF'] [biofluid],low,the target condition is AD or PD as defined by accepted criteria,clinical_criteria_named,derived_and_evaluated_same_sample
27844283,Marques TM,2016,Molecular neurobiology,PD,1,1,high,contrast against healthy controls is a two-gate (case-control) design [comparison_class],high,threshold derived in the evaluation sample (single) [cohort_stage],high,the full text was read and names no diagnostic criteria for the target condition [reference_standard_named=no],unclear,"full text read: no STARD flow diagram, and neither the accounting of all enrolled participants nor the interval between sampling and diagnosis is reported [full text]",high,"only case versus healthy control contrasts [comparison_class]; note this is also what the eligibility rule required, see eligibility_circularity in the summary",low,minimally invasive circulating sample: ['CSF'] [biofluid],unclear,the target condition definition is not stated in the full text,unclear_not_named,derived_and_evaluated_same_sample
28137310,Hara N,2017,Acta neuropathologica communications,AD,1,1,high,contrast against healthy controls is a two-gate (case-control) design [comparison_class],unclear,"independent validation set, but blinding to the reference standard is not recorded [cohort_stage]",unclear,"named clinical diagnostic criteria, which misclassify a known fraction of AD and PD cases; whether the reference standard was read without knowledge of the index test is not stated [reference_standard_quote]",unclear,"full text read: no STARD flow diagram, and neither the accounting of all enrolled participants nor the interval between sampling and diagnosis is reported [full text]",high,"only case versus healthy control contrasts [comparison_class]; note this is also what the eligibility rule required, see eligibility_circularity in the summary",low,minimally invasive circulating sample: ['serum'] [biofluid],low,the target condition is AD or PD as defined by accepted criteria,clinical_criteria_named,evaluated_in_separate_sample
29670823,Chen L,2018,Brain and Behavior,PD,3,3,high,contrast against healthy controls is a two-gate (case-control) design [comparison_class],high,threshold derived in the evaluation sample (single) [cohort_stage],unclear,"named clinical diagnostic criteria, which misclassify a known fraction of AD and PD cases; whether the reference standard was read without knowledge of the index test is not stated [reference_standard_quote]",unclear,"full text read: no STARD flow diagram, and neither the accounting of all enrolled participants nor the interval between sampling and diagnosis is reported [full text]",high,"only case versus healthy control contrasts [comparison_class]; note this is also what the eligibility rule required, see eligibility_circularity in the summary",low,minimally invasive circulating sample: ['plasma'] [biofluid],low,the target condition is AD or PD as defined by accepted criteria,clinical_criteria_named,derived_and_evaluated_same_sample
29707120,Dos Santos MCT,2018,Oncotarget,PD,1,1,high,contrast against healthy controls is a two-gate (case-control) design [comparison_class],high,markers or model selected using the same participants the accuracy was evaluated in [study_design_preanalytics.csv candidate_selection],unclear,"named clinical diagnostic criteria, which misclassify a known fraction of AD and PD cases; whether the reference standard was read without knowledge of the index test is not stated [reference_standard_quote]",unclear,"full text read: no STARD flow diagram, and neither the accounting of all enrolled participants nor the interval between sampling and diagnosis is reported [full text]",high,"only case versus healthy control contrasts [comparison_class]; note this is also what the eligibility rule required, see eligibility_circularity in the summary",low,minimally invasive circulating sample: ['CSF_exosome'] [biofluid],low,the target condition is AD or PD as defined by accepted criteria,clinical_criteria_named,evaluated_in_separate_sample
31092279,Siedlecki-Wullich D,2019,Alzheimers Res Ther,AD,4,4,high,contrast against healthy controls is a two-gate (case-control) design [comparison_class],high,threshold derived in the evaluation sample (single) [cohort_stage],high,the full text was read and names no diagnostic criteria for the target condition [reference_standard_named=no],unclear,"full text read: no STARD flow diagram, and neither the accounting of all enrolled participants nor the interval between sampling and diagnosis is reported [full text]",high,"only case versus healthy control contrasts [comparison_class]; note this is also what the eligibility rule required, see eligibility_circularity in the summary",low,minimally invasive circulating sample: ['plasma'] [biofluid],unclear,the target condition definition is not stated in the full text,unclear_not_named,derived_and_evaluated_same_sample
31253822,Mancuso R,2019,Scientific reports,AD,1,1,high,contrast against healthy controls is a two-gate (case-control) design [comparison_class],high,threshold derived in the evaluation sample (single) [cohort_stage],unclear,"named clinical diagnostic criteria, which misclassify a known fraction of AD and PD cases; whether the reference standard was read without knowledge of the index test is not stated [reference_standard_quote]",unclear,"full text read: no STARD flow diagram, and neither the accounting of all enrolled participants nor the interval between sampling and diagnosis is reported [full text]",high,"only case versus healthy control contrasts [comparison_class]; note this is also what the eligibility rule required, see eligibility_circularity in the summary",low,minimally invasive circulating sample: ['serum'] [biofluid],low,the target condition is AD or PD as defined by accepted criteria,clinical_criteria_named,derived_and_evaluated_same_sample
31420923,Wang J,2019,Journal of Clinical Laboratory Analysis,AD,2,2,high,contrast against healthy controls is a two-gate (case-control) design [comparison_class],high,threshold derived in the evaluation sample (single) [cohort_stage],unclear,"named clinical diagnostic criteria, which misclassify a known fraction of AD and PD cases; whether the reference standard was read without knowledge of the index test is not stated [reference_standard_quote]",unclear,"full text read: no STARD flow diagram, and neither the accounting of all enrolled participants nor the interval between sampling and diagnosis is reported [full text]",high,"only case versus healthy control contrasts [comparison_class]; note this is also what the eligibility rule required, see eligibility_circularity in the summary",low,minimally invasive circulating sample: ['plasma'] [biofluid],low,the target condition is AD or PD as defined by accepted criteria,clinical_criteria_named,derived_and_evaluated_same_sample
31809862,Ludwig N,2019,"Genomics, proteomics & bioinformatics",AD,1,1,high,contrast against healthy controls is a two-gate (case-control) design [comparison_class],high,threshold derived in the evaluation sample (single) [cohort_stage],high,the full text was read and names no diagnostic criteria for the target condition [reference_standard_named=no],unclear,"full text read: no STARD flow diagram, and neither the accounting of all enrolled participants nor the interval between sampling and diagnosis is reported [full text]",high,"only case versus healthy control contrasts [comparison_class]; note this is also what the eligibility rule required, see eligibility_circularity in the summary",low,minimally invasive circulating sample: ['blood'] [biofluid],unclear,the target condition definition is not stated in the full text,unclear_not_named,derived_and_evaluated_same_sample
31849573,Cha DJ,2019,Front Neurosci,AD,2,2,high,contrast against healthy controls is a two-gate (case-control) design [comparison_class],high,threshold derived in the evaluation sample (single) [cohort_stage],low,"diagnosis confirmed by amyloid biomarkers, an objective reference standard [reference_standard_quote]",unclear,"full text read: no STARD flow diagram, and neither the accounting of all enrolled participants nor the interval between sampling and diagnosis is reported [full text]",high,"only case versus healthy control contrasts [comparison_class]; note this is also what the eligibility rule required, see eligibility_circularity in the summary",low,minimally invasive circulating sample: ['plasma_neuronal_EV'] [biofluid],low,the target condition is AD or PD as defined by accepted criteria,biomarker_confirmed,derived_and_evaluated_same_sample
32077254,Li H,2020,Molecular Genetics & Genomic Medicine,PD,1,1,high,contrast against healthy controls is a two-gate (case-control) design [comparison_class],high,threshold derived in the evaluation sample (single) [cohort_stage],unclear,"named clinical diagnostic criteria, which misclassify a known fraction of AD and PD cases; whether the reference standard was read without knowledge of the index test is not stated [reference_standard_quote]",unclear,"full text read: no STARD flow diagram, and neither the accounting of all enrolled participants nor the interval between sampling and diagnosis is reported [full text]",high,"only case versus healthy control contrasts [comparison_class]; note this is also what the eligibility rule required, see eligibility_circularity in the summary",low,minimally invasive circulating sample: ['serum'] [biofluid],low,the target condition is AD or PD as defined by accepted criteria,clinical_criteria_named,derived_and_evaluated_same_sample
32585840,Oliveira SR,2020,Biomolecules,PD,8,8,high,contrast against healthy controls is a two-gate (case-control) design [comparison_class],high,threshold derived in the evaluation sample (discovery/single) [cohort_stage],high,the full text was read and names no diagnostic criteria for the target condition [reference_standard_named=no],unclear,"full text read: no STARD flow diagram, and neither the accounting of all enrolled participants nor the interval between sampling and diagnosis is reported [full text]",high,"only case versus healthy control contrasts [comparison_class]; note this is also what the eligibility rule required, see eligibility_circularity in the summary",low,minimally invasive circulating sample: ['serum'] [biofluid],unclear,the target condition definition is not stated in the full text,unclear_not_named,derived_and_evaluated_same_sample
32955460,Sandau US,2020,Journal of Alzheimer's disease : JAD,AD,1,1,high,contrast against healthy controls is a two-gate (case-control) design [comparison_class],high,threshold derived in the evaluation sample (single) [cohort_stage],unclear,"named clinical diagnostic criteria, which misclassify a known fraction of AD and PD cases; whether the reference standard was read without knowledge of the index test is not stated [reference_standard_quote]",unclear,"full text read: no STARD flow diagram, and neither the accounting of all enrolled participants nor the interval between sampling and diagnosis is reported [full text]",high,"only case versus healthy control contrasts [comparison_class]; note this is also what the eligibility rule required, see eligibility_circularity in the summary",low,minimally invasive circulating sample: ['CSF'] [biofluid],low,the target condition is AD or PD as defined by accepted criteria,clinical_criteria_named,derived_and_evaluated_same_sample
32962113,Karaglani M,2020,Journal of clinical medicine,AD,3,3,high,contrast against healthy controls is a two-gate (case-control) design [comparison_class],high,threshold derived in the evaluation sample (single) [cohort_stage],high,the full text was read and names no diagnostic criteria for the target condition [reference_standard_named=no],unclear,"full text read: no STARD flow diagram, and neither the accounting of all enrolled participants nor the interval between sampling and diagnosis is reported [full text]",high,"only case versus healthy control contrasts [comparison_class]; note this is also what the eligibility rule required, see eligibility_circularity in the summary",low,"minimally invasive circulating sample: ['blood', 'serum'] [biofluid]",unclear,the target condition definition is not stated in the full text,unclear_not_named,derived_and_evaluated_same_sample
33129241,Hojati Z,2020,Iranian biomedical journal,AD,1,1,high,contrast against healthy controls is a two-gate (case-control) design [comparison_class],high,threshold derived in the evaluation sample (single) [cohort_stage],unclear,"named clinical diagnostic criteria, which misclassify a known fraction of AD and PD cases; whether the reference standard was read without knowledge of the index test is not stated [reference_standard_quote]",unclear,"full text read: no STARD flow diagram, and neither the accounting of all enrolled participants nor the interval between sampling and diagnosis is reported [full text]",high,"only case versus healthy control contrasts [comparison_class]; note this is also what the eligibility rule required, see eligibility_circularity in the summary",low,minimally invasive circulating sample: ['serum'] [biofluid],low,the target condition is AD or PD as defined by accepted criteria,clinical_criteria_named,derived_and_evaluated_same_sample
33416118,Grossi I,2020,International journal of molecular medicine,PD,1,1,high,contrast against healthy controls is a two-gate (case-control) design [comparison_class],high,threshold derived in the evaluation sample (single) [cohort_stage],high,the full text was read and names no diagnostic criteria for the target condition [reference_standard_named=no],unclear,"full text read: no STARD flow diagram, and neither the accounting of all enrolled participants nor the interval between sampling and diagnosis is reported [full text]",high,"only case versus healthy control contrasts [comparison_class]; note this is also what the eligibility rule required, see eligibility_circularity in the summary",low,minimally invasive circulating sample: ['plasma_EV'] [biofluid],unclear,the target condition definition is not stated in the full text,unclear_not_named,derived_and_evaluated_same_sample
33542630,Zhang M,2021,Neuropsychiatric disease and treatment,AD,1,1,high,contrast against healthy controls is a two-gate (case-control) design [comparison_class],high,threshold derived in the evaluation sample (single) [cohort_stage],unclear,"named clinical diagnostic criteria, which misclassify a known fraction of AD and PD cases; whether the reference standard was read without knowledge of the index test is not stated [reference_standard_quote]",unclear,"full text read: no STARD flow diagram, and neither the accounting of all enrolled participants nor the interval between sampling and diagnosis is reported [full text]",high,"only case versus healthy control contrasts [comparison_class]; note this is also what the eligibility rule required, see eligibility_circularity in the summary",low,minimally invasive circulating sample: ['serum'] [biofluid],low,the target condition is AD or PD as defined by accepted criteria,clinical_criteria_named,derived_and_evaluated_same_sample
33776746,Giuliani A,2021,Frontiers in Aging Neuroscience,AD,2,2,high,contrast against healthy controls is a two-gate (case-control) design [comparison_class],high,threshold derived in the evaluation sample (single) [cohort_stage],unclear,"named clinical diagnostic criteria, which misclassify a known fraction of AD and PD cases; whether the reference standard was read without knowledge of the index test is not stated [reference_standard_quote]",unclear,"full text read: no STARD flow diagram, and neither the accounting of all enrolled participants nor the interval between sampling and diagnosis is reported [full text]",high,"only case versus healthy control contrasts [comparison_class]; note this is also what the eligibility rule required, see eligibility_circularity in the summary",low,minimally invasive circulating sample: ['plasma'] [biofluid],low,the target condition is AD or PD as defined by accepted criteria,clinical_criteria_named,derived_and_evaluated_same_sample
33817253,Shu Y,2020,Open Life Sci,PD,2,2,high,contrast against healthy controls is a two-gate (case-control) design [comparison_class],high,threshold derived in the evaluation sample (single) [cohort_stage],high,the full text was read and names no diagnostic criteria for the target condition [reference_standard_named=no],unclear,"full text read: no STARD flow diagram, and neither the accounting of all enrolled participants nor the interval between sampling and diagnosis is reported [full text]",high,"only case versus healthy control contrasts [comparison_class]; note this is also what the eligibility rule required, see eligibility_circularity in the summary",low,minimally invasive circulating sample: ['serum'] [biofluid],unclear,the target condition definition is not stated in the full text,unclear_not_named,derived_and_evaluated_same_sample
34042273,Dong LH,2021,The Kaohsiung journal of medical sciences,AD,1,1,high,contrast against healthy controls is a two-gate (case-control) design [comparison_class],high,threshold derived in the evaluation sample (single) [cohort_stage],unclear,"named clinical diagnostic criteria, which misclassify a known fraction of AD and PD cases; whether the reference standard was read without knowledge of the index test is not stated [reference_standard_quote]",unclear,"full text read: no STARD flow diagram, and neither the accounting of all enrolled participants nor the interval between sampling and diagnosis is reported [full text]",high,"only case versus healthy control contrasts [comparison_class]; note this is also what the eligibility rule required, see eligibility_circularity in the summary",low,minimally invasive circulating sample: ['serum'] [biofluid],low,the target condition is AD or PD as defined by accepted criteria,clinical_criteria_named,derived_and_evaluated_same_sample
34315539,He S,2021,Translational Neurodegeneration,PD,11,11,high,contrast against healthy controls is a two-gate (case-control) design [comparison_class],high,threshold derived in the evaluation sample (single) [cohort_stage],high,the full text was read and names no diagnostic criteria for the target condition [reference_standard_named=no],unclear,"full text read: no STARD flow diagram, and neither the accounting of all enrolled participants nor the interval between sampling and diagnosis is reported [full text]",high,"only case versus healthy control contrasts [comparison_class]; note this is also what the eligibility rule required, see eligibility_circularity in the summary",low,minimally invasive circulating sample: ['serum_exosome'] [biofluid],unclear,the target condition definition is not stated in the full text,unclear_not_named,derived_and_evaluated_same_sample
34315950,Chen Q,2021,Sci Rep,PD,7,7,high,contrast against healthy controls is a two-gate (case-control) design [comparison_class],high,threshold derived in the evaluation sample (training) [cohort_stage],unclear,"named clinical diagnostic criteria, which misclassify a known fraction of AD and PD cases; whether the reference standard was read without knowledge of the index test is not stated [reference_standard_quote]",unclear,"full text read: no STARD flow diagram, and neither the accounting of all enrolled participants nor the interval between sampling and diagnosis is reported [full text]",high,"only case versus healthy control contrasts [comparison_class]; note this is also what the eligibility rule required, see eligibility_circularity in the summary",low,minimally invasive circulating sample: ['plasma'] [biofluid],low,the target condition is AD or PD as defined by accepted criteria,clinical_criteria_named,derived_and_evaluated_same_sample
34381349,Vallelunga A,2021,Front Aging Neurosci,PD,1,1,high,contrast against healthy controls is a two-gate (case-control) design [comparison_class],high,threshold derived in the evaluation sample (single) [cohort_stage],high,the full text was read and names no diagnostic criteria for the target condition [reference_standard_named=no],unclear,"full text read: no STARD flow diagram, and neither the accounting of all enrolled participants nor the interval between sampling and diagnosis is reported [full text]",high,"only case versus healthy control contrasts [comparison_class]; note this is also what the eligibility rule required, see eligibility_circularity in the summary",low,minimally invasive circulating sample: ['serum'] [biofluid],unclear,the target condition definition is not stated in the full text,unclear_not_named,derived_and_evaluated_same_sample
34749366,Zhang M,2021,Neuroimmunomodulation,AD,1,1,high,contrast against healthy controls is a two-gate (case-control) design [comparison_class],high,threshold derived in the evaluation sample (single) [cohort_stage],unclear,"full text not retrievable (no_pmc_record), so the reference standard could not be checked [quadas2_study_level.csv]",unclear,"full text not retrievable, so patient flow could not be checked [quadas2_study_level.csv]",high,"only case versus healthy control contrasts [comparison_class]; note this is also what the eligibility rule required, see eligibility_circularity in the summary",low,minimally invasive circulating sample: ['serum'] [biofluid],unclear,full text not retrievable [quadas2_study_level.csv],unclear_fulltext_unavailable,derived_and_evaluated_same_sample
35141392,Guévremont D,2022,"Alzheimer's & Dementia: Diagnosis, Assessment & Disease Monitoring",AD,1,1,high,contrast against healthy controls is a two-gate (case-control) design [comparison_class],high,threshold derived in the evaluation sample (single) [cohort_stage],high,the full text was read and names no diagnostic criteria for the target condition [reference_standard_named=no],unclear,"full text read: no STARD flow diagram, and neither the accounting of all enrolled participants nor the interval between sampling and diagnosis is reported [full text]",high,"only case versus healthy control contrasts [comparison_class]; note this is also what the eligibility rule required, see eligibility_circularity in the summary",low,minimally invasive circulating sample: ['plasma'] [biofluid],unclear,the target condition definition is not stated in the full text,unclear_not_named,derived_and_evaluated_same_sample
35222718,Liu Y,2022,Experimental and Therapeutic Medicine,AD,3,3,high,contrast against healthy controls is a two-gate (case-control) design [comparison_class],high,threshold derived in the evaluation sample (single) [cohort_stage],unclear,"named clinical diagnostic criteria, which misclassify a known fraction of AD and PD cases; whether the reference standard was read without knowledge of the index test is not stated [reference_standard_quote]",unclear,"full text read: no STARD flow diagram, and neither the accounting of all enrolled participants nor the interval between sampling and diagnosis is reported [full text]",high,"only case versus healthy control contrasts [comparison_class]; note this is also what the eligibility rule required, see eligibility_circularity in the summary",low,minimally invasive circulating sample: ['serum'] [biofluid],low,the target condition is AD or PD as defined by accepted criteria,clinical_criteria_named,derived_and_evaluated_same_sample
35655754,Wu L,2022,Frontiers in neuroscience,PD,2,2,high,contrast against healthy controls is a two-gate (case-control) design [comparison_class],high,threshold derived in the evaluation sample (single) [cohort_stage],unclear,"named clinical diagnostic criteria, which misclassify a known fraction of AD and PD cases; whether the reference standard was read without knowledge of the index test is not stated [reference_standard_quote]",unclear,"full text read: no STARD flow diagram, and neither the accounting of all enrolled participants nor the interval between sampling and diagnosis is reported [full text]",high,"only case versus healthy control contrasts [comparison_class]; note this is also what the eligibility rule required, see eligibility_circularity in the summary",low,minimally invasive circulating sample: ['plasma'] [biofluid],low,the target condition is AD or PD as defined by accepted criteria,clinical_criteria_named,derived_and_evaluated_same_sample
37238734,Citterio LA,2023,Biomolecules,PD,3,3,high,contrast against healthy controls is a two-gate (case-control) design [comparison_class],high,threshold derived in the evaluation sample (single) [cohort_stage],unclear,"named clinical diagnostic criteria, which misclassify a known fraction of AD and PD cases; whether the reference standard was read without knowledge of the index test is not stated [reference_standard_quote]",unclear,"full text read: no STARD flow diagram, and neither the accounting of all enrolled participants nor the interval between sampling and diagnosis is reported [full text]",high,"only case versus healthy control contrasts [comparison_class]; note this is also what the eligibility rule required, see eligibility_circularity in the summary",low,minimally invasive circulating sample: ['serum'] [biofluid],low,the target condition is AD or PD as defined by accepted criteria,clinical_criteria_named,derived_and_evaluated_same_sample
37324585,Piscopo P,2023,Frontiers in molecular neuroscience,AD,2,2,high,contrast against healthy controls is a two-gate (case-control) design [comparison_class],high,threshold derived in the evaluation sample (single) [cohort_stage],unclear,"named clinical diagnostic criteria, which misclassify a known fraction of AD and PD cases; whether the reference standard was read without knowledge of the index test is not stated [reference_standard_quote]",unclear,"full text read: no STARD flow diagram, and neither the accounting of all enrolled participants nor the interval between sampling and diagnosis is reported [full text]",high,"only case versus healthy control contrasts [comparison_class]; note this is also what the eligibility rule required, see eligibility_circularity in the summary",low,minimally invasive circulating sample: ['plasma'] [biofluid],low,the target condition is AD or PD as defined by accepted criteria,clinical_criteria_named,derived_and_evaluated_same_sample
37483339,Aguilar MA,2023,Frontiers in Neuroscience,PD,8,8,high,contrast against healthy controls is a two-gate (case-control) design [comparison_class],high,markers or model selected using the same participants the accuracy was evaluated in [study_design_preanalytics.csv candidate_selection],high,the full text was read and names no diagnostic criteria for the target condition [reference_standard_named=no],unclear,"full text read: no STARD flow diagram, and neither the accounting of all enrolled participants nor the interval between sampling and diagnosis is reported [full text]",high,"only case versus healthy control contrasts [comparison_class]; note this is also what the eligibility rule required, see eligibility_circularity in the summary",low,minimally invasive circulating sample: ['serum_neuronal_EV'] [biofluid],unclear,the target condition definition is not stated in the full text,unclear_not_named,evaluated_in_separate_sample
38033547,Rai S,2023,Frontiers in neuroscience,PD,2,2,high,contrast against healthy controls is a two-gate (case-control) design [comparison_class],high,threshold derived in the evaluation sample (single) [cohort_stage],unclear,"named clinical diagnostic criteria, which misclassify a known fraction of AD and PD cases; whether the reference standard was read without knowledge of the index test is not stated [reference_standard_quote]",unclear,"full text read: no STARD flow diagram, and neither the accounting of all enrolled participants nor the interval between sampling and diagnosis is reported [full text]",high,"only case versus healthy control contrasts [comparison_class]; note this is also what the eligibility rule required, see eligibility_circularity in the summary",low,"minimally invasive circulating sample: ['plasma', 'plasma_sEV'] [biofluid]",low,the target condition is AD or PD as defined by accepted criteria,clinical_criteria_named,derived_and_evaluated_same_sample
38172670,Liang J,2024,Cellular and Molecular Biology Letters,PD,2,2,high,contrast against healthy controls is a two-gate (case-control) design [comparison_class],high,threshold derived in the evaluation sample (single) [cohort_stage],unclear,"named clinical diagnostic criteria, which misclassify a known fraction of AD and PD cases; whether the reference standard was read without knowledge of the index test is not stated [reference_standard_quote]",unclear,"full text read: no STARD flow diagram, and neither the accounting of all enrolled participants nor the interval between sampling and diagnosis is reported [full text]",high,"only case versus healthy control contrasts [comparison_class]; note this is also what the eligibility rule required, see eligibility_circularity in the summary",low,minimally invasive circulating sample: ['serum'] [biofluid],low,the target condition is AD or PD as defined by accepted criteria,clinical_criteria_named,derived_and_evaluated_same_sample
38200052,Li Y,2024,NPJ Parkinson's disease,PD,2,2,high,contrast against healthy controls is a two-gate (case-control) design [comparison_class],high,threshold derived in the evaluation sample (training) [cohort_stage],unclear,"named clinical diagnostic criteria, which misclassify a known fraction of AD and PD cases; whether the reference standard was read without knowledge of the index test is not stated [reference_standard_quote]",unclear,"full text read: no STARD flow diagram, and neither the accounting of all enrolled participants nor the interval between sampling and diagnosis is reported [full text]",high,"only case versus healthy control contrasts [comparison_class]; note this is also what the eligibility rule required, see eligibility_circularity in the summary",low,minimally invasive circulating sample: ['plasma_EV'] [biofluid],low,the target condition is AD or PD as defined by accepted criteria,clinical_criteria_named,derived_and_evaluated_same_sample
38618193,Duan X,2024,Degenerative neurological and neuromuscular disease,AD,2,2,high,contrast against healthy controls is a two-gate (case-control) design [comparison_class],unclear,"independent validation set, but blinding to the reference standard is not recorded [cohort_stage]",unclear,"named clinical diagnostic criteria, which misclassify a known fraction of AD and PD cases; whether the reference standard was read without knowledge of the index test is not stated [reference_standard_quote]",unclear,"full text read: no STARD flow diagram, and neither the accounting of all enrolled participants nor the interval between sampling and diagnosis is reported [full text]",high,"only case versus healthy control contrasts [comparison_class]; note this is also what the eligibility rule required, see eligibility_circularity in the summary",low,minimally invasive circulating sample: ['serum_exosome'] [biofluid],low,the target condition is AD or PD as defined by accepted criteria,clinical_criteria_named,evaluated_in_separate_sample
40184025,Ravanidis S,2025,Mol Neurobiol,PD,1,1,high,contrast against healthy controls is a two-gate (case-control) design [comparison_class],high,threshold derived in the evaluation sample (single) [cohort_stage],unclear,"named clinical diagnostic criteria, which misclassify a known fraction of AD and PD cases; whether the reference standard was read without knowledge of the index test is not stated [reference_standard_quote]",unclear,"full text read: no STARD flow diagram, and neither the accounting of all enrolled participants nor the interval between sampling and diagnosis is reported [full text]",high,"only case versus healthy control contrasts [comparison_class]; note this is also what the eligibility rule required, see eligibility_circularity in the summary",low,minimally invasive circulating sample: ['plasma'] [biofluid],low,the target condition is AD or PD as defined by accepted criteria,clinical_criteria_named,derived_and_evaluated_same_sample
41373032,Omura T,2025,BMC research notes,PD,1,1,high,contrast against healthy controls is a two-gate (case-control) design [comparison_class],high,threshold derived in the evaluation sample (single) [cohort_stage],high,the full text was read and names no diagnostic criteria for the target condition [reference_standard_named=no],unclear,"full text read: no STARD flow diagram, and neither the accounting of all enrolled participants nor the interval between sampling and diagnosis is reported [full text]",high,"only case versus healthy control contrasts [comparison_class]; note this is also what the eligibility rule required, see eligibility_circularity in the summary",low,minimally invasive circulating sample: ['plasma'] [biofluid],unclear,the target condition definition is not stated in the full text,unclear_not_named,derived_and_evaluated_same_sample
41836608,Yang SJ,2026,Npj biosensing,AD,1,1,high,contrast against healthy controls is a two-gate (case-control) design [comparison_class],high,threshold derived in the evaluation sample (single) [cohort_stage],low,neuropathological confirmation of the target condition [reference_standard_quote],unclear,"full text read: no STARD flow diagram, and neither the accounting of all enrolled participants nor the interval between sampling and diagnosis is reported [full text]",high,"only case versus healthy control contrasts [comparison_class]; note this is also what the eligibility rule required, see eligibility_circularity in the summary",low,minimally invasive circulating sample: ['plasma_neuronal_EV'] [biofluid],low,the target condition is AD or PD as defined by accepted criteria,neuropathological,derived_and_evaluated_same_sample
42389429,Qin Q,2026,Journal of translational internal medicine,AD,5,5,high,contrast against healthy controls is a two-gate (case-control) design [comparison_class],high,threshold derived in the evaluation sample (training) [cohort_stage],low,"diagnosis confirmed by amyloid biomarkers, an objective reference standard [reference_standard_quote]",unclear,"full text read: no STARD flow diagram, and neither the accounting of all enrolled participants nor the interval between sampling and diagnosis is reported [full text]",high,"only case versus healthy control contrasts [comparison_class]; note this is also what the eligibility rule required, see eligibility_circularity in the summary",low,minimally invasive circulating sample: ['serum'] [biofluid],low,the target condition is AD or PD as defined by accepted criteria,biomarker_confirmed,derived_and_evaluated_same_sample
42492311,Chen P,2026,Clinical Neurology and Neurosurgery,PD,1,1,high,contrast against healthy controls is a two-gate (case-control) design [comparison_class],high,threshold derived in the evaluation sample (single) [cohort_stage],unclear,"full text not retrievable (no_pmc_record), so the reference standard could not be checked [quadas2_study_level.csv]",unclear,"full text not retrievable, so patient flow could not be checked [quadas2_study_level.csv]",high,"only case versus healthy control contrasts [comparison_class]; note this is also what the eligibility rule required, see eligibility_circularity in the summary",low,minimally invasive circulating sample: ['serum'] [biofluid],unclear,full text not retrievable [quadas2_study_level.csv],unclear_fulltext_unavailable,derived_and_evaluated_same_sample
42643339,Sandau US,2026,Frontiers in Aging Neuroscience,AD,1,1,high,contrast against healthy controls is a two-gate (case-control) design [comparison_class],unclear,"cross-validated within one sample: better than resubstitution, but not an independent threshold [cohort_stage]",unclear,"named clinical diagnostic criteria, which misclassify a known fraction of AD and PD cases; whether the reference standard was read without knowledge of the index test is not stated [reference_standard_quote]",unclear,"full text read: no STARD flow diagram, and neither the accounting of all enrolled participants nor the interval between sampling and diagnosis is reported [full text]",high,"only case versus healthy control contrasts [comparison_class]; note this is also what the eligibility rule required, see eligibility_circularity in the summary",low,minimally invasive circulating sample: ['plasma'] [biofluid],low,the target condition is AD or PD as defined by accepted criteria,clinical_criteria_named,cross_validated_within_sample
