disease,left_out,n_studies,pooled_auc,ci_low_hk,ci_high_hk,I2_percent
AD,none (primary),18,0.8156,0.7722,0.8523,78.5
AD,"Dong H 2015 (4-miRNA panel (miR-31 + miR-93 + miR-143 + miR-146a), risk score)",17,0.8217,0.7784,0.8581,77.2
AD,Hara N 2017 (miR-501-3p),17,0.8154,0.7691,0.8541,79.7
AD,Cha DJ 2019 (miR-132-3p),17,0.8173,0.7719,0.8553,79.7
AD,Mancuso R 2019 (miR-223-3p),17,0.8137,0.767,0.8528,79.5
AD,Siedlecki-Wullich D 2019 (miR-92a-3p + miR-181c-5p + miR-210-3p (logistic regression)),17,0.8135,0.7673,0.8523,79.6
AD,Wang J 2019 (miR-103),17,0.8092,0.7638,0.8476,76.9
AD,Hojati Z 2020 (miR-661),17,0.818,0.773,0.8558,79.6
AD,"Karaglani M 2020 (25-miRNA ridge biosignature (dataset 2, test split))",17,0.8161,0.7697,0.855,79.7
AD,Dong LH 2021 (miR-202),17,0.8093,0.764,0.8476,77.3
AD,Giuliani A 2021 (miR-126-3p),17,0.8258,0.7874,0.8585,70.8
AD,Zhang M 2021 (miR-128),17,0.8145,0.7677,0.8537,79.6
AD,Liu Y 2022 (miR-4722-5p + miR-615-3p),17,0.8127,0.7668,0.8513,79.4
AD,Piscopo P 2023 (miR-320a),17,0.8197,0.7753,0.857,79.1
AD,Duan X 2024 (miR-125b-1-3p),17,0.8186,0.7731,0.8567,79.3
AD,Miao Y 2026 (miR-384-5p),17,0.8108,0.7648,0.8496,78.4
AD,Qin Q 2026 (7-miRNA panel),17,0.8057,0.7642,0.8415,74.6
AD,Sandau US 2026 (ratio miR-23a-3p / miR-423-5p (top-2 ratio)),17,0.8195,0.7744,0.8571,78.9
AD,Yang SJ 2026 (miR-132-3p),17,0.8182,0.7729,0.8561,79.5
PD,none (primary),19,0.7998,0.7409,0.8481,81.1
PD,Chen L 2018 (let-7a),18,0.7944,0.7327,0.8449,81.4
PD,Mancuso R 2019 (miR-223-3p),18,0.791,0.7318,0.8399,80.7
PD,Grossi I 2020 (miR-34a-5p),18,0.8028,0.7412,0.8527,82.1
PD,Li H 2020 (miR-150),18,0.7936,0.7309,0.8448,80.1
PD,Oliveira SR 2020 (miR-146a-5p),18,0.8066,0.7483,0.854,81.6
PD,Shu Y 2020 (miR-132-3p),18,0.8041,0.7425,0.8539,82.0
PD,Chen Q 2021 (miR-133b + miR-221-3p),18,0.7969,0.7337,0.8481,81.5
PD,He S 2021 (hsa-miR-28-5p),18,0.8032,0.7413,0.8533,82.1
PD,Li J 2021 (miR-124 + miR-494),18,0.7911,0.7293,0.8419,78.5
PD,Vallelunga A 2021 (miR-96-5p),18,0.8079,0.7495,0.8553,80.8
PD,Wu L 2022 (miR-153),18,0.8088,0.7512,0.8556,79.5
PD,Citterio LA 2023 (miR-7-1-5p x miR-223-3p (product of serum values)),18,0.802,0.7394,0.8526,82.1
PD,Rai S 2023 (miR-23b-3p),18,0.7999,0.7374,0.8506,82.1
PD,Chen T 2024 (miR-124 + miR-1976),18,0.7908,0.7301,0.8409,80.0
PD,Li Y 2024 (EV-miRNA SVM classifier),18,0.7935,0.7328,0.8434,81.3
PD,Liang J 2024 (miR-1247-5p),18,0.8095,0.7526,0.8558,77.1
PD,Omura T 2025 (miR-101),18,0.8009,0.739,0.8512,82.1
PD,Ravanidis S 2025 (miR-153-3p + miR-598-3p),18,0.8036,0.7421,0.8534,82.1
PD,Sandau US 2026 (ratio miR-23a-3p / miR-423-5p (top-2 ratio)),18,0.7957,0.7326,0.8471,81.0
