analysis,k_estimates,n_studies,pooled_auc,ci_low,ci_high,I2_percent
primary (one per study) | primaria (uma por estudo),14,14,0.7595,0.7077,0.8047,84.5
leave out | sem Li J 2021 (10.3760/cma.j.cn371468-20200828-01692),13,13,0.7555,0.6985,0.8047,83.6
leave out | sem Chen T 2024 (10.3760/cma.j.issn.0254-9026.2024.01.005),13,13,0.7545,0.6982,0.8032,84.4
leave out | sem Hara N 2017 (28137310),13,13,0.7564,0.7011,0.8044,85.3
leave out | sem Oliveira SR 2020 (32585840),13,13,0.7661,0.712,0.8128,85.5
leave out | sem Hojati Z 2020 (33129241),13,13,0.7605,0.7049,0.8085,85.6
leave out | sem Grossi I 2020 (33416118),13,13,0.761,0.7056,0.8088,85.6
leave out | sem Dong LH 2021 (34042273),13,13,0.741,0.6945,0.7826,78.8
leave out | sem Wu L 2022 (35655754),13,13,0.7625,0.706,0.8111,85.6
leave out | sem Aguilar MA 2023 (37483339),13,13,0.7689,0.7165,0.8141,82.6
leave out | sem Liang J 2024 (38172670),13,13,0.7719,0.7248,0.8131,80.0
leave out | sem Duan X 2024 (38618193),13,13,0.7614,0.7045,0.8102,85.5
leave out | sem Omura T 2025 (41373032),13,13,0.7594,0.7043,0.8071,85.6
leave out | sem Yang SJ 2026 (41836608),13,13,0.7601,0.7039,0.8084,85.6
leave out | sem Qin Q 2026 (42389429),13,13,0.7527,0.6976,0.8006,84.3
