field,scope,value,n_studies
reference_standard_basis,pooled circulating studies,clinical_criteria,9
reference_standard_basis,pooled circulating studies,not_reported,4
reference_standard_basis,pooled circulating studies,not_assessable_no_fulltext,2
reference_standard_basis,pooled circulating studies,biomarker_supported,1
reference_standard_basis,pooled circulating studies,neuropathological,1
reference_standard_basis,all eligible studies,clinical_criteria,14
reference_standard_basis,all eligible studies,not_assessable_no_fulltext,6
reference_standard_basis,all eligible studies,not_reported,5
reference_standard_basis,all eligible studies,biomarker_supported,1
reference_standard_basis,all eligible studies,neuropathological,1
disease_stage,pooled circulating studies,mixed,6
disease_stage,pooled circulating studies,not_reported,6
disease_stage,pooled circulating studies,established,2
disease_stage,pooled circulating studies,not_assessable_no_fulltext,2
disease_stage,pooled circulating studies,early,1
disease_stage,all eligible studies,mixed,8
disease_stage,all eligible studies,not_reported,8
disease_stage,all eligible studies,not_assessable_no_fulltext,6
disease_stage,all eligible studies,established,3
disease_stage,all eligible studies,early,2
medication_status,pooled circulating studies,not_reported,8
medication_status,pooled circulating studies,treated,4
medication_status,pooled circulating studies,mixed,2
medication_status,pooled circulating studies,not_assessable_no_fulltext,2
medication_status,pooled circulating studies,drug_naive,1
medication_status,all eligible studies,not_reported,13
medication_status,all eligible studies,not_assessable_no_fulltext,6
medication_status,all eligible studies,treated,4
medication_status,all eligible studies,mixed,3
medication_status,all eligible studies,drug_naive,1
haemolysis_handling,pooled circulating studies,not_reported,10
haemolysis_handling,pooled circulating studies,measured_and_excluded,2
haemolysis_handling,pooled circulating studies,not_assessable_no_fulltext,2
haemolysis_handling,pooled circulating studies,procedural_only,2
haemolysis_handling,pooled circulating studies,excluded_method_not_stated,1
haemolysis_handling,all eligible studies,not_reported,13
haemolysis_handling,all eligible studies,not_assessable_no_fulltext,6
haemolysis_handling,all eligible studies,measured_and_excluded,4
haemolysis_handling,all eligible studies,procedural_only,2
haemolysis_handling,all eligible studies,excluded_method_not_stated,1
haemolysis_handling,all eligible studies,not_applicable_whole_blood,1
normalization,pooled circulating studies,snRNA_U6,5
normalization,pooled circulating studies,endogenous_miRNA,2
normalization,pooled circulating studies,not_assessable_no_fulltext,2
normalization,pooled circulating studies,sequencing_library_size,2
normalization,pooled circulating studies,spike_in,2
normalization,pooled circulating studies,spike_in_plus_endogenous_miRNA,2
normalization,pooled circulating studies,none_raw_ct,1
normalization,pooled circulating studies,not_reported,1
normalization,all eligible studies,not_assessable_no_fulltext,6
normalization,all eligible studies,snRNA_U6,6
normalization,all eligible studies,sequencing_library_size,4
normalization,all eligible studies,endogenous_miRNA,2
normalization,all eligible studies,spike_in,2
normalization,all eligible studies,spike_in_plus_endogenous_miRNA,2
normalization,all eligible studies,endogenous_miRNA_plus_snRNA,1
normalization,all eligible studies,none_raw_ct,1
normalization,all eligible studies,not_reported,1
normalization,all eligible studies,positive_control_miRNAs,1
normalization,all eligible studies,snRNA_RNU48,1
candidate_selection,pooled circulating studies,a_priori_literature,8
candidate_selection,pooled circulating studies,separate_discovery_sample,3
candidate_selection,pooled circulating studies,not_assessable_no_fulltext,2
candidate_selection,pooled circulating studies,same_sample_data_driven,2
candidate_selection,pooled circulating studies,training_split_only,2
candidate_selection,all eligible studies,a_priori_literature,9
candidate_selection,all eligible studies,not_assessable_no_fulltext,6
candidate_selection,all eligible studies,same_sample_data_driven,5
candidate_selection,all eligible studies,separate_discovery_sample,5
candidate_selection,all eligible studies,training_split_only,2
validation_design,pooled circulating studies,none_single_sample,9
validation_design,pooled circulating studies,separate_discovery_then_roc_in_evaluation_sample,3
validation_design,pooled circulating studies,not_assessable_no_fulltext,2
validation_design,pooled circulating studies,random_split_holdout,2
validation_design,pooled circulating studies,independent_cohort_locked_model,1
validation_design,all eligible studies,none_single_sample,12
validation_design,all eligible studies,not_assessable_no_fulltext,6
validation_design,all eligible studies,random_split_holdout,4
validation_design,all eligible studies,separate_discovery_then_roc_in_evaluation_sample,3
validation_design,all eligible studies,independent_cohort_locked_model,1
validation_design,all eligible studies,internal_resampling,1
threshold_prespecified,pooled circulating studies,no,15
threshold_prespecified,pooled circulating studies,not_assessable_no_fulltext,2
threshold_prespecified,all eligible studies,no,21
threshold_prespecified,all eligible studies,not_assessable_no_fulltext,6
