mirna,family,n_articles_mentioning,n_articles_mentioning_family
miR-125b,miR-125b,10,13
miR-146a,miR-146a,7,11
miR-22-3p,miR-22,6,8
miR-29b,miR-29b,6,6
miR-34a,miR-34a,6,10
miR-193b,miR-193b,5,5
miR-29c-3p,miR-29c,5,7
miR-29a,miR-29a,5,8
miR-214,miR-214,5,6
miR-19b-3p,miR-19b,5,8
miR-107,miR-107,4,4
miR-181c,miR-181c,4,6
miR-146a-5p,miR-146a,4,11
miR-335-5p,miR-335,4,5
miR-34a-5p,miR-34a,4,10
miR-137,miR-137,4,4
miR-451a,miR-451a,4,4
miR-24-3p,miR-24,4,8
miR-331-5p,miR-331,4,7
miR-24,miR-24,4,8
miR-195,miR-195,4,4
miR-221,miR-221,4,7
miR-155,miR-155,4,5
miR-142-3p,miR-142,4,5
miR-125b-5p,miR-125b,3,13
miR-223,miR-223,3,5
miR-9-5p,miR-9,3,4
miR-106b-5p,miR-106b,3,7
miR-222,miR-222,3,3
miR-101,miR-101,3,3
miR-133b,miR-133b,3,3
miR-21-5p,miR-21,3,4
miR-210-3p,miR-210,3,3
miR-320a,miR-320a,3,4
miR-106b-3p,miR-106b,3,7
miR-16-5p,miR-16,3,3
miR-425-5p,miR-425,3,4
miR-130b,miR-130b,3,3
miR-132,miR-132,3,5
miR-374a-5p,miR-374a,3,3
miR-26b-5p,miR-26b,3,5
miR-221-3p,miR-221,3,7
miR-15b-5p,miR-15b,3,5
miR-29a-3p,miR-29a,3,8
miR-132-3p,miR-132,3,5
miR-34b,miR-34b,3,3
miR-26a-5p,miR-26a,3,4
miR-204-5p,miR-204,3,4
miR-151a-3p,miR-151a,3,5
miR-19b,miR-19b,3,8
miR-30b,miR-30b,2,3
miR-223-5p,miR-223,2,5
miR-153,miR-153,2,2
miR-409-3p,miR-409,2,2
miR-3613-3p,miR-3613,2,2
miR-20a,miR-20a,2,2
miR-4505,miR-4505,2,2
miR-185-5p,miR-185,2,3
miR-206,miR-206,2,3
miR-15b,miR-15b,2,5
miR-19a,miR-19a,2,2
miR-29c,miR-29c,2,7
miR-26b,miR-26b,2,5
miR-27a-3p,miR-27a,2,3
miR-17,miR-17,2,2
miR-485-3p,miR-485,2,3
miR-151a-5p,miR-151a,2,5
let-7g-5p,let-7g,2,3
miR-342-3p,miR-342,2,3
miR-135a,miR-135a,2,2
let-7a,let-7a,2,2
miR-125a-5p,miR-125a,2,4
miR-128,miR-128,2,2
miR-378a-3p,miR-378a,2,2
miR-574-5p,miR-574,2,2
miR-92a-3p,miR-92a,2,2
miR-423-5p,miR-423,2,2
miR-7-5p,miR-7,2,3
let-7b-5p,let-7b,2,3
miR-4274,miR-4274,2,2
miR-25,miR-25,2,3
miR-203a-3p,miR-203a,2,2
miR-103,miR-103,2,2
miR-191,miR-191,2,3
miR-331,miR-331,2,7
miR-29,miR-29,2,2
miR-545-3p,miR-545,2,2
miR-106a-5p,miR-106a,2,2
miR-10a-5p,miR-10a,1,1
miR-584-5p,miR-584,1,1
miR-30a,miR-30a,1,3
miR-16-1,miR-16-1,1,1
miR-30e,miR-30e,1,1
miR-125a-3p,miR-125a,1,4
miR-3935,miR-3935,1,1
miR-183,miR-183,1,1
miR-451,miR-451,1,1
miR-519,miR-519,1,1
miR-181a,miR-181a,1,1
miR-320-5p,miR-320,1,1
miR-218-5p,miR-218,1,1
miR-320a-5p,miR-320a,1,4
miR-1260a,miR-1260a,1,1
miR-214-3p,miR-214,1,6
miR-150-3p,miR-150,1,2
let-7b-3p,let-7b,1,3
miR-4455,miR-4455,1,1
miR-8069,miR-8069,1,1
miR-6125,miR-6125,1,1
miR-30a-5p,miR-30a,1,3
miR-511-3p,miR-511,1,1
miR-499-3p,miR-499,1,1
miR-128-3p,miR-128,1,2
miR-128-related,miR-128-related,1,1
miR-339-5p,miR-339,1,1
miR-455-5p,miR-455,1,2
miR-155-5p,miR-155,1,5
miR-34,miR-34,1,1
miR-106a,miR-106a,1,2
miR-329,miR-329,1,1
miR-15a-5p,miR-15a,1,2
miR-127-3p,miR-127,1,1
miR-15a,miR-15a,1,2
miR-204,miR-204,1,4
miR-4443,miR-4443,1,1
miR-484,miR-484,1,1
miR-211-5p,miR-211,1,1
miR-4667-5p,miR-4667,1,1
miR-4446-3p,miR-4446,1,1
miR-34c,miR-34c,1,2
miR-148b,miR-148b,1,2
miR-6865-3p,miR-6865,1,1
miR-181c-5p,miR-181c,1,6
miR-199a,miR-199a,1,3
miR-335,miR-335,1,5
miR-505,miR-505,1,1
miR-145-5p,miR-145,1,1
miR-34c-3p,miR-34c,1,2
miR-9-3p,miR-9,1,4
miR-10b-5p,miR-10b,1,2
miR-342,miR-342,1,3
miR-148b-5p,miR-148b,1,2
miR-181c-3p,miR-181c,1,6
miR-233,miR-233,1,1
miR-384,miR-384,1,1
miR-27a,miR-27a,1,3
let-7f,let-7f,1,2
miR-1306-5p,miR-1306,1,1
miR-106b,miR-106b,1,7
miR-1273g-3p,miR-1273g,1,1
miR-181,miR-181,1,1
miR-335-3p,miR-335,1,5
miR-29-containing,miR-29-containing,1,1
miR-29s,miR-29s,1,1
miR-377-3p,miR-377,1,1
miR-212,miR-212,1,1
miR-193a-3p,miR-193a,1,2
miR-150,miR-150,1,2
miR-93-5p,miR-93,1,1
miR-3065-5p,miR-3065,1,1
miR-424-5p,miR-424,1,1
miR-23a,miR-23a,1,2
miR-22,miR-22,1,8
let-7d,let-7d,1,2
miR-26a,miR-26a,1,4
miR-532-5p,miR-532,1,1
miR-142,miR-142,1,5
miR-361,miR-361,1,2
miR-885,miR-885,1,1
miR-204-5p-induced,miR-204-5p-induced,1,1
miR-126-3p,miR-126,1,2
miR-23a-3p,miR-23a,1,2
let-7i-5p,let-7i,1,1
miR-146-5p,miR-146,1,1
miR-186-3p,miR-186,1,1
let-7b,let-7b,1,3
miR-374b-5p,miR-374b,1,1
miR-28-5p,miR-28,1,1
miR-661,miR-661,1,1
miR-331-3p,miR-331,1,7
miR-149,miR-149,1,1
miR-30b-5p,miR-30b,1,3
miR-124-3p,miR-124,1,2
miR-433-3p,miR-433,1,2
miR-433,miR-433,1,2
miR-138-5p,miR-138,1,1
miR-338-3p,miR-338,1,1
miR-30c-2-3p,miR-30c-2,1,1
miR-431-5p,miR-431,1,1
miR-494-3p,miR-494,1,1
miR-30a-3p,miR-30a,1,3
miR-5010,miR-5010,1,1
miR-330-5p,miR-330,1,1
miR-154-5p,miR-154,1,1
miR-136-3p,miR-136,1,1
miR-323a-3p,miR-323a,1,1
miR-495-3p,miR-495,1,1
let-7c-5p,let-7c,1,1
miR-361-5p,miR-361,1,2
miR-25-3p,miR-25,1,3
miR-16,miR-16,1,3
miR-30c-1-5p,miR-30c-1,1,1
miR-615-3p,miR-615,1,1
miR-485-5p,miR-485,1,3
let-7e,let-7e,1,1
miR-590-5p,miR-590,1,1
miR-122-5p,miR-122,1,1
miR-7,miR-7,1,3
miR-140,miR-140,1,1
miR-21-3p,miR-21,1,4
miR-328-3p,miR-328,1,1
miR-185,miR-185,1,3
miR-130b-3p,miR-130b,1,3
miR-10b,miR-10b,1,2
let-7g-3p,let-7g,1,3
miR-296,miR-296,1,1
miR-4668-5p,miR-4668,1,1
miR-6119-5p,miR-6119,1,1
miR-126-5p,miR-126,1,2
miR-660-5p,miR-660,1,1
miR-1246,miR-1246,1,1
miR-501-3p,miR-501,1,1
let-7f-5p,let-7f,1,2
miR-124,miR-124,1,2
miR-184,miR-184,1,1
miR-455-3p,miR-455,1,2
miR-6722,miR-6722,1,1
miR-4674,miR-4674,1,1
miR-205,miR-205,1,1
miR-125a,miR-125a,1,4
let-7d-5p,let-7d,1,2
miR-27b-3p,miR-27b,1,1
miR-324-5p,miR-324,1,1
miR-141,miR-141,1,1
miR-4722-5p,miR-4722,1,1
miR-22-5p,miR-22,1,8
miR-199a-3p,miR-199a,1,3
miR-4454,miR-4454,1,1
miR-31,miR-31,1,1
miR-199a-5p,miR-199a,1,3
miR-378i,miR-378i,1,1
miR-193a-5p,miR-193a,1,2
miR-514a-2,miR-514a-2,1,1
miR-301b,miR-301b,1,1
miR-411,miR-411,1,1
miR-671,miR-671,1,1
miR-1193,miR-1193,1,1
miR-23b-3p,miR-23b,1,1
miR-502-5p,miR-502,1,1
miR-483-5p,miR-483,1,1
miR-626,miR-626,1,1
miR-662,miR-662,1,1
miR-3182,miR-3182,1,1
miR-4295,miR-4295,1,1
miR-125b-1-3p,miR-125b-1,1,1
miR-7-1-5p,miR-7-1,1,1
miR-223-3p,miR-223,1,5
miR-206-3p,miR-206,1,3
miR-92b,miR-92b,1,1
miR-133a,miR-133a,1,1
miR-326,miR-326,1,1
miR-148a,miR-148a,1,1
miR-143-3p,miR-143,1,1
miR-181b,miR-181b,1,1
miR-191-5p,miR-191,1,3
miR-7d-5,miR-7d-5,1,1
miR-425,miR-425,1,4
miR-4433b-3p,miR-4433b,1,1
miR-2110,miR-2110,1,1
miR-766-3p,miR-766,1,1
miR-18a-3p,miR-18a,1,1
