study_id,first_author,year,disease,pooled_marker,mirna,target_or_pathway,biological_axis,axis_group,evidence_type,model_system,source_quote,source,note
34042273,Dong LH,2021,AD,miR-202,miR-202,APP (3′ UTR),APP processing and amyloid,Amyloid and APP processing,experimental_in_included_study,"PC12 cells: luciferase reporter, western blot, siRNA rescue",Dual luciferase assays showed that miR‐202 suppressed the relative luciferase activity of pmirGLO‐APP‐3′UTR (Figure).,PubMed Central full text PMC11896508,
28137310,Hara N,2017,AD,miR-501-3p,miR-501-3p,DNA replication and mitotic cell-cycle genes,Neuronal cell cycle and synaptic signalling,"Tau, synaptic and neuronal signalling",experimental_in_included_study,SH-SY5Y overexpression with RNA-seq,Overexpression of hsa-miR-501-3p in SH-SY5Y cells resulted in significant changes in the expression levels of 208 genes in comparison to the scramble control (adjusted< 0.05; Additional file: Table S4).,PubMed Central full text PMC5282710,"overexpression experiment, no direct target validated"
28137310,Hara N,2017,AD,miR-501-3p,miR-501-3p,"serum down, brain up in the same donors",Brain-periphery relationship,Brain-periphery relationship,paired_brain_tissue,"autopsy brain and ante-mortem serum (discovery set, no AUC)","In this study, we found that serum hsa-miR-501-3p levels were downregulated while brain levels were prominently upregulated in the AD patients of the ROW discovery set.",PubMed Central full text PMC5282710,direction opposite in serum and brain
33542630,Zhang M,2021,AD,miR-128,miR-128,IL-1β and TNF-α,Microglial activation and neuroinflammation,Neuroinflammation and innate immunity,clinical_correlation,serum cytokines in AD patients,"the correlation analysis indicated that the serum miR-128 levels were positively correlated with the serum IL-1β levels (=0.798,<0.01) and the TNF-α levels (=0.733,<0.01) in AD patients.",PubMed Central full text PMC7853421,correlation only; the authors state it needs cell and animal work
33129241,Hojati Z,2020,AD,miR-661,miR-661,BACE1 (predicted),APP processing and amyloid; ER stress,Amyloid and APP processing,in_silico_prediction,"TargetScan, miRTargetLink, mirDIP, KEGG",Our bioinformatics analysis suggested one of the genes predicted as a target of miR-661 is BACE1.,PubMed Central full text PMC7748118,
38618193,Duan X,2024,AD,miR-125b-1-3p,miR-125b-1-3p,S1PR1 (predicted),Neuroinflammation and cell survival,Neuroinflammation and innate immunity,in_silico_prediction,"TargetScan, miRDB, miRTarBase, miRWalk","The putative target gene of miR-125b-1-3p showing an overlap in four kinds of software was S1PR1 (Gene ID: MIMAT0004592), which was involved in preventing cell apoptosis, promoting cell growth and reproduction, and regulating immune and inflammatory responses.",PubMed Central full text PMC11012623,
42389429,Qin Q,2026,AD,7-miRNA panel,"miR-146a-5p, miR-21-5p",NF-κB signalling,Microglial activation and neuroinflammation,Neuroinflammation and innate immunity,literature_cited,none in this study,"miR-146a-5p and miR-21-5p are known to regulate the NF-κB pathway,which plays a central role in neuroinflammation and neurodegeneration",PubMed Central full text PMC13320530,
42389429,Qin Q,2026,AD,7-miRNA panel,7-miRNA risk score,plasma p-tau217 and Aβ42/40,Amyloid and tau biomarker correlation,Correlation with clinical or biomarker measures,clinical_correlation,validation-cohort plasma biomarkers,"Our correlation analyses revealed that the risk score of the 7-miRNA panel was positively correlated with the level of plasma p-tau217 (= 0.36,= 0.008) but negatively correlated with the Aβ42/40 ratio (= -0.25,= 0.046) ().",PubMed Central full text PMC13320530,"panel members: The final 7-miRNA panel included six upregulated miRNAs (miR-146a-5p, let-7i-5p, miR-21-5p, miR-29c-3p, miR-92a-3p, and let-7f-5p) and one downregulated miRNA (miR-1285-5p) in the AD patients ()."
41836608,Yang SJ,2026,AD,miR-132-3p,GluR2+ neuron-derived EV miRNAs,GO and KEGG enrichment,Extracellular vesicles and neuronal signalling,Extracellular vesicle biology,in_silico_prediction,enrichment of differentially expressed EV miRNAs,"To determine whether the identified biomarkers relate to known pathways in the biology of LBD and AD, we performed Gene Ontology (GO) and Kyoto Encyclopedia of Genes and Genomes (KEGG) analyses on the union of differentially expressed miRNAs from each individual pulldown.",PubMed Central full text PMC12982126,
32962113,Karaglani M,2020,AD,25-miRNA ridge biosignature (dataset 2),25 predictors,none reported for the pooled biosignature,none,none,none_reported,public dataset re-analysis,,PubMed Central full text PMC7563988,"the GeneCards search in the paper concerns the dataset-1 three-miRNA signature, not the pooled dataset-2 signature"
10.1515/tjb-2025-0113,Miao Y,2026,AD,miR-384-5p,miR-384-5p,SIRT1 (3′ UTR),Aβ toxicity and neuronal survival,Amyloid and APP processing,experimental_in_included_study,SH-SY5Y cells: dual-luciferase reporter with wild-type and mutant 3′ UTR,"Quantitative analysis revealed that transfection with miR-384-5p mimics significantly suppressed luciferase activity (p<0.001) in the wild-type vector group compared to controls, whereas administration of specific inhibitors conversely enhanced reporter activity (p<0.001).","Publisher full text (De Gruyter, open access CC BY 4.0), Turk J Biochem 2026;51:137-145, supplied by the author and read 2026-09-28",
10.1515/tjb-2025-0113,Miao Y,2026,AD,miR-384-5p,miR-384-5p,Aβ25-35-induced viability loss and apoptosis,Aβ toxicity and neuronal survival,Amyloid and APP processing,experimental_in_included_study,"SH-SY5Y cells exposed to Aβ25-35: miR-384-5p mimic and inhibitor, MTT and Annexin V","Relative to the Aβ-treated group, transfection of miR-384-5p mimics markedly exacerbated cellular apoptosis, whereas administration of its specific inhibitors demonstrated significant anti-apoptotic effects (p<0.001, Figure 3C).","Publisher full text (De Gruyter, open access CC BY 4.0), Turk J Biochem 2026;51:137-145, supplied by the author and read 2026-09-28",
10.1515/tjb-2025-0113,Miao Y,2026,AD,miR-384-5p,miR-384-5p,MMSE score,Cognitive severity,Correlation with clinical or biomarker measures,clinical_correlation,serum miR-384-5p against MMSE in 100 AD patients,"As indicated in Table 2, serum miR-384-5p levels in patients demonstrate a moderate inverse correlation with MMSE scores (r=−0.615, p<0.001).","Publisher full text (De Gruyter, open access CC BY 4.0), Turk J Biochem 2026;51:137-145, supplied by the author and read 2026-09-28",
38172670,Liang J,2024,PD,miR-1247-5p,miR-675-5p,GSDME,Pyroptosis and neuroinflammation,Neuroinflammation and innate immunity,experimental_in_included_study,SH-SY5Y luciferase reporter; α-synuclein-overexpressing cells,"MiR-675-5p overexpression dramatically lowered the luciferase activity of GSDME-WT vector (= 0.0035, Fig.A).",PubMed Central full text PMC10765853,
38172670,Liang J,2024,PD,miR-1247-5p,miR-1247-5p,HMGB1,Pyroptosis and neuroinflammation,Neuroinflammation and innate immunity,experimental_in_included_study,SH-SY5Y luciferase reporter; α-synuclein-overexpressing cells,"Similarly, miR-1247-5p overexpression remarkedly decreased the luciferase activity of HMGB1-WT reporter vector (= 0.0303, Fig.B).",PubMed Central full text PMC10765853,
41373032,Omura T,2025,PD,miR-101,miR-101,SEL1L (HRD1 stabiliser),ER stress and proteostasis,"Cell survival, apoptosis and proteostasis",experimental_cited_from_authors_prior_work,6-OHDA cell model (authors earlier study),"Based on our previous study [], miR-101 directly targets the SEL1L 3′ untranslated region, and a miR-101 mimic suppresses the 6-OHDA-induced increase in SEL1L expression and enhances cell death.",PubMed Central full text PMC12802125,
35655754,Wu L,2022,PD,miR-153,"miR-153, miR-223",SNCA (3′ UTR),α-Synuclein biology,Alpha-synuclein biology,literature_cited,none in this study,It is well known that miR-153 and miR-223 could induce downregulation of SNCA expression by binding the 3’ UTR of SNCA.,PubMed Central full text PMC9152100,consistent with Doxakis 2010 for miR-153
38033547,Rai S,2023,PD,miR-23b-3p,miR-23b-3p,SNCA (3′ UTR),α-Synuclein biology,Alpha-synuclein biology,literature_cited,none in this study,"A study on miR-23b-3p in terms of Parkinson's disease reports that miR-23b-3p targets the 3′UTR of the SNCA gene, whereby it decreases the expression of SNCA gene which codes a small protein called alpha-synuclein (Norris et al.,; Vekrellis et al.,).",PubMed Central full text PMC10684698,
32585840,Oliveira SR,2020,PD,miR-146a-5p,miR-146a-5p,IRAK1 and TRAF6,Microglial activation and neuroinflammation,Neuroinflammation and innate immunity,literature_cited,none in this study,"miR-146a negatively regulates inflammation, immunity, and cell survival by targeting interleukin-1 receptor-associated kinase 1 (IRAK1) and TNF receptor associated factor 6 (TRAF6), attenuating proinflammatory responses [,].",PubMed Central full text PMC7356527,
32585840,Oliveira SR,2020,PD,miR-146a-5p,"miR-335-3p, miR-335-5p",LRRK2,LRRK2 kinase signalling,Dopaminergic neuron biology and LRRK2,literature_cited,none in this study,"Importantly, miR-335 was predicted to target LRRK2 gene in silico and further confirmed in vitro [].",PubMed Central full text PMC7356527,not the selected marker; reported with it
33416118,Grossi I,2020,PD,miR-34a-5p,miR-34a-5p,nervous-system gene sets (DAVID),Extracellular vesicles and neuronal signalling,Extracellular vesicle biology,in_silico_prediction,"miRWalk, miRDB, DAVID; plasma small EV fraction","Accordingly, the functional annotation analysis performed in the current study on the target genes of the miR-34a-5p using Database for Annotation Visualization and Integrated Discovery (DAVID v6.8) strongly supported the relevant role of miR-34a-5p in the nervous system ().",PubMed Central full text PMC7797475,
38200052,Li Y,2024,PD,EV-miRNA SVM classifier,15 classifier miRNAs,none reported for the PD classifier,none,none,none_reported,plasma EV small-RNA sequencing,"Feature selection from the training set (n = 67) identified 15 informative miRNAs (Supplementary Data), including 10 upregulated miRNAs (miR-27b-3p, miR-199a-5p, miR-151a-3p, miR-584-5p, miR-889-3p, miR-619-5p, miR-130b-5p, miR-197-3p, miR-4433b-5p, and miR-4433a-3p) and 5 downregulated miRNAs (miR-96-5p, miR-155-5p, miR-150-5p, miR-150-3p, and miR-3615).",PubMed Central full text PMC10781790,"the paper links miR-7-5p to α-synuclein, but miR-7-5p is not among the 15 PD-classifier features"
10.3760/cma.j.issn.0254-9026.2024.01.005,Chen T,2024,PD,miR-124 + miR-1976,"miR-124, miR-1976",not assessable,none,none,none_reported_abstract_only,abstract only,,Scopus record (abstract),
10.3760/cma.j.cn371468-20200828-01692,Li J,2021,PD,miR-124 + miR-494,"miR-124, miR-494",not assessable,none,none,none_reported_abstract_only,abstract only,,Scopus record (abstract),
29670823,Chen L,2018,PD,let-7a,let-7a,let-7 family under-expressed in PD models (C. elegans A53T alpha-synuclein / parkin pdr-1),alpha-synuclein / parkin PD models; glucose homeostasis and neuronal degeneration,Alpha-synuclein biology,literature_cited,"C. elegans models (cited, Asikainen et al.)","let‐7 family members were underexpressed in the PD‐associatedmodels that either overexpress human A53T alpha‐synuclein or have mutations within parkin (pdr‐1) ortholog (Asikainen et al.,). Consistent with the literature, decreased levels of let‐7a and let‐7f in the plasma of PD were determined in our analysis.",PubMed Central full text PMC5893342,Highest AUC in the paper (0.895). No experiment in this study. Discussion also concedes 'current knowledge is insufficient to explain how these miRNAs are involved in the pathogenic mechanisms of PD'.
32077254,Li H,2020,PD,miR-150,miR-150,AKT3 (3'UTR),"microglial neuroinflammation (IL-1b, IL-6, TNF-a) via AKT signalling",Neuroinflammation and innate immunity,experimental_in_included_study,LPS-treated BV2 microglia; miR-150 mimic; dual-luciferase reporter with WT/MUT AKT3 3'UTR,"The further luciferase assay shown that the relative luciferase activity of the cells transfected with WT of AKT3 was markedly suppressed by the overexpression of miR‐150 (< .01, Figureb), whereas the cells with MUT of AKT3 had no significant change in the luciferase activity (> .05).",PubMed Central full text PMC7196454,"Target first chosen by TargetScan prediction, then luciferase-validated in mouse BV2 cells. Authors say 'further investigations are needed to confirm our results and deduction.'"
32077254,Li H,2020,PD,miR-150,miR-150,"pro-inflammatory cytokines IL-1b, IL-6, TNF-a",neuroinflammation,Neuroinflammation and innate immunity,clinical_correlation,serum of the 80 PD patients,"serum expression levels of miR‐150 were negatively correlated with IL‐1β (= −0.509,< .001), IL‐6 (= −0.545,< .001), and TNF‐α (= −0.652,< .001)",PubMed Central full text PMC7196454,Correlation in PD patients only.
34315539,He S,2021,PD,hsa-miR-28-5p,hsa-miR-28-5p,,none,none,none_reported,,,PubMed Central full text PMC8317324,"No target, pathway or mechanism is offered for miR-28-5p. The paper only (a) reports it as a stage III-specific member of WGCNA key modules aligned to PD-related miRNAs in HMDD, with functional enrichment run generically in TAM 2.0 (15 biological functions across modules, not named in the text, not attributed to miR-28-5p), and (b) validates it by ROC and qRT-PCR (up-regulated in stage III). The Discussion states: 'The biological functions of these miRNAs in the development of PD need to be further explored in future studies.'"
26078483,Dong H,2015,AD,"4-miRNA panel (miR-31 + miR-93 + miR-143 + miR-146a), risk score",miR-146a,CFH,inflammatory response in AD brain,Neuroinflammation and innate immunity,literature_cited,AD brain tissue (cited study),miR-146a was reported to be brain-enriched and upregulated in the brains of Alzheimer's disease patients compared with the controls. The miR-146a-mediated modulation of CFH gene expression may in part regulate an inflammatory response in AD brains,PubMed Central full text PMC4452867,"Reference cited, not tested in this paper; authors note their serum miR-146a is decreased in AD, opposite to the brain finding."
26078483,Dong H,2015,AD,"4-miRNA panel (miR-31 + miR-93 + miR-143 + miR-146a), risk score","miR-31, miR-93, miR-146a",,"inflammation, apoptosis, fibrosis",Neuroinflammation and innate immunity,literature_cited,not specified,"Notably, miR-31 and miR-93a (in addition to miR-146a) were also related to inflammation, cell apoptosis, and fibrosis",PubMed Central full text PMC4452867,Generic functional association from cited references; no target named. Paper uses 'miR-93a' in this sentence.
26078483,Dong H,2015,AD,"4-miRNA panel (miR-31 + miR-93 + miR-143 + miR-146a), risk score","miR-31, miR-93, miR-146a",,speculated role in AD initiation and progression (hypothesis),none,none_reported,none (speculation),"Thus, we suspect that the increased miRNA levels in MCI may result from the pathological roles of miRNAs in the initiation process of AD.",PubMed Central full text PMC4452867,"Authors' speculation, no experiment; they add: 'However, we could not determine the exact mechanism in the present study.' miR-143 has no mechanistic statement anywhere in the paper. The sentence is the authors' own unreferenced speculation; the paper states that the exact mechanism could not be determined."
31092279,Siedlecki-Wullich D,2019,AD,miR-92a-3p + miR-181c-5p + miR-210-3p (logistic regression),miR-181c-5p,"NPTX1 / NPTXR (neuronal pentraxins, AMPA receptor clustering)",glutamatergic synaptic function,"Tau, synaptic and neuronal signalling",experimental_in_included_study,post-mortem human entorhinal cortex (western blot),"In fact, the increase in miR-181c-5p coincided with a decrease in NPTX1 and NPTXR protein in the entorhinal cortex.",PubMed Central full text PMC6521366,"Results state the decrease in NPTX1 and NPTXR 'did not reach statistical significance likely due to the low number of samples'; plasma-brain concordance was not established. miR-181c-5p was not the single miRNA with the strongest AUC in AD vs HC (miR-210-3p 0.80); the 3-miRNA panel has the strongest AUC. The decrease in NPTX1 and NPTXR protein did not reach statistical significance, which the authors attribute to the low number of samples."
31092279,Siedlecki-Wullich D,2019,AD,miR-92a-3p + miR-181c-5p + miR-210-3p (logistic regression),miR-210-3p,NPTX1 / NPTXR,glutamatergic synaptic function,"Tau, synaptic and neuronal signalling",literature_cited,not experimental in this study,"Indeed, it has been described that miR-210-3p regulates the expression of NPTX1 and NPTXR [].",PubMed Central full text PMC6521366,Single miRNA with the highest AUC in AD vs HC. Additional file lists validated miRNA-target interactions from miRWalk2.0 (in silico).
34315950,Chen Q,2021,PD,miR-133b + miR-221-3p,miR-133b,midbrain dopaminergic neuron maintenance / negative regulation of dopaminergic neurons,dopaminergic neuron homeostasis,Dopaminergic neuron biology and LRRK2,literature_cited,"cited: cell and animal models, primary embryonic rat midbrain culture",MiR-133b is one of the first reported miRNAs playing roles in the maintenance of midbrain dopaminergic neurons in both cell and animal models.,PubMed Central full text PMC8316346,Strongest AUC marker (0.84 PD vs HC; 0.90 early PD validation). No experiment in this paper.
34315950,Chen Q,2021,PD,miR-133b + miR-221-3p,miR-133b,RhoA / alpha-synuclein,alpha-synuclein pathology,Alpha-synuclein biology,literature_cited,"cited report, not specified",A recent report inferred that miR-133b indirectly influences α-synuclein by targeting the Ras homolog gene family member A (RhoA).,PubMed Central full text PMC8316346,"Authors also note miR-133b was upregulated in MSA, suggesting a link to alpha-synuclein pathologies."
40184025,Ravanidis S,2025,PD,miR-153-3p + miR-598-3p,miR-153-3p,"SNCA, APP, SNAP-25; Notch signalling",alpha-synuclein / amyloid precursor regulation and synaptic activity,Alpha-synuclein biology,literature_cited,"cited: neural stem cells, aged mice","MiR-153-3p enhances the neurogenesis of neural stem cells, improves the cognitive abilities of aged mice through the Notch signaling pathway [], and regulates the expression of SNCA [], APP [], and SNAP-25, impacting motor neuron synaptic activity [].",PubMed Central full text PMC12289787,"Panel with strongest PD vs HC AUC (0.73) is miR-153-3p + miR-598-3p; no experiments in this paper. Pathway analysis (KEGG, in silico) was run on the union of dysregulated miRNAs, not on this panel specifically."
40184025,Ravanidis S,2025,PD,miR-153-3p + miR-598-3p,miR-598-3p,,none,none,none_reported,,,PubMed Central full text PMC12289787,No function or target is discussed for miR-598-3p in the text.
31420923,Wang J,2019,AD,miR-103,miR-103,PTGS2 (neurite outgrowth and apoptosis),neurite outgrowth / neuron apoptosis; amyloid processing,"Cell survival, apoptosis and proteostasis",literature_cited,cellular AD model and CSF studies cited from other groups,miR‐103 promotes neurite outgrowth and suppresses cell apoptosis by targeting PTGS2.,PubMed Central full text PMC6977154,"Paper ran no mechanistic experiment; also reports clinical correlation of miR-103 with MMSE (positive) and dementia severity (negative) in AD. Discussion also cites miR-103 in CSF targeting BACE1 and REST. BACE1 and ADAM10 are discussed in other sentences, not in this quote."
42643339,Sandau US,2026,AD,ratio miR-23a-3p / miR-423-5p (top-2 ratio),miR-423-5p (and miR-23a-3p) of the top-2 ratio,"amyloid PET burden, hippocampal volume, memory and executive function (clinical associations)",amyloid burden / cognition,Correlation with clinical or biomarker measures,clinical_correlation,human plasma miRNA data from the authors' earlier analysis,"In an independent analysis of our reposited plasma miRNA data (),used principal component analysis to demonstrate that decreases in plasma miR-423-5p in AD participants were associated with increases in amyloid PET, and decreases in hippocampal volume, baseline memory and executive function, and longitudinal changes in memory and executive function.",PubMed Central full text PMC13503333,"The paper ran no target prediction or IPA on the top-2 ratio itself; IPA was done for the 6-miRNA ENR set and the 4 LD miRNAs. Text also says miR-423-5p 'was associated with atherosclerosis' (literature) and that this ratio showed larger signal for PD/DLB than AD, i.e. it 'captures generic information relative to neurodegeneration'. Association reported by the authors from an earlier analysis of their reposited plasma data."
10.3389/fnagi.2026.1788991#pd,Sandau US,2026,PD,ratio miR-23a-3p / miR-423-5p (top-2 ratio),miR-423-5p (and miR-23a-3p) of the top-2 ratio,,none,none,none_reported,,,PubMed Central full text PMC13503333,"The paper ran no target prediction or IPA on the top-2 ratio itself; IPA was done for the 6-miRNA ENR set and the 4 LD miRNAs. Text also says miR-423-5p 'was associated with atherosclerosis' (literature) and that this ratio showed larger signal for PD/DLB than AD, i.e. it 'captures generic information relative to neurodegeneration'. The association of miR-423-5p with amyloid PET, hippocampal volume and cognition is stated for AD participants only; nothing comparable is reported for PD."
33776746,Giuliani A,2021,AD,miR-126-3p,miR-126-3p,NF-kB pathway components; VCAM-1,inflammation and innate immune response,Neuroinflammation and innate immunity,literature_cited,not specified in this paper (cited),"Intriguingly, miR-126-3p modulates inflammation and innate immune response by targeting components of the NF-κB pathway and endothelial adhesion molecules, such as VCAM-1",PubMed Central full text PMC7990771,Cited to Harris et al.
33776746,Giuliani A,2021,AD,miR-126-3p,miR-126-3p,NF-kB pathway (inflamma-miR selection rationale),neuroinflammation,Neuroinflammation and innate immunity,literature_cited,AD brain tissue (cited),"We selected four inflamma-miRNAs—miR-17-5p, miR-21-5p, miR-146a-5p, and miR-126-3p—that are significantly expressed in AD brain tissues and are involved in the modulation of neuroinflammation targeting molecules of the NF-κB pathway",PubMed Central full text PMC7990771,"Rationale for selection, referenced to other papers."
33776746,Giuliani A,2021,AD,miR-126-3p,miR-126-3p,EGFL7,angiogenesis and adult neurogenesis,Vascular and blood-brain barrier,literature_cited,not specified (cited),MiR-126-3p has been shown to affect the expression of EGFL7,PubMed Central full text PMC7990771,The sentence continues that EGFL7 regulates angiogenesis and is involved in adult neurogenesis as a repair mechanism (Nikolic et al.; Bicker et al.).
33776746,Giuliani A,2021,AD,miR-126-3p,miR-126 / miR-126-3p,insulin/IGF pathway; PI3K and ERK pathways,Abeta42 toxicity and neuronal vulnerability,Amyloid and APP processing,literature_cited,"not specified in this paper (cited, Kim et al.)",elevated miR-126 levels were proven to increase Aβ42 toxicity and to interfere with the neuroprotective effect of IGF-1 by downregulating the expression of members of the PI3K and ERK pathways,PubMed Central full text PMC7990771,"Preceded by 'In the CNS, miR-126-3p is involved in regulating the insulin/IGF pathway as well as in modulating neuronal vulnerability to the toxic insult'."
33776746,Giuliani A,2021,AD,miR-126-3p,miR-126,,vascular integrity and blood-brain barrier stability,Vascular and blood-brain barrier,literature_cited,"intracerebral hemorrhage model (cited, Xi et al.)","the role of miR-126 in the maintenance of vascular integrity has been recapitulated also in a model of intracerebral hemorrhage, where it was shown to improve the blood-brain barrier stability and to promote favorable cognitive outcomes following the acute event",PubMed Central full text PMC7990771,"Authors' synthesis follows: 'Collectively, this evidence suggests that miR-126 may provide an important mechanistic link between vascular dysfunction and neurotoxicity in the pathogenesis of neurodegenerative diseases, including AD.' No experiment on miR-126-3p mechanism in this paper."
33776746,Giuliani A,2021,AD,miR-126-3p,miR-126-3p,,cognitive decline (MMSE) and AD severity,Correlation with clinical or biomarker measures,clinical_correlation,"human plasma, AD n=116 vs controls","Notably, miR-126-3p levels were significantly higher in AD patients with severe cognitive impairment compared with cognitively normal subjects",PubMed Central full text PMC7990771,"Also: expression levels of miR-21-5p and miR-126-3p were inversely correlated with MMSE scores. The hsCRP correlations were significant for miR-17-5p, miR-21-5p and miR-146a-5p only, not miR-126-3p."
35222718,Liu Y,2022,AD,miR-4722-5p + miR-615-3p,miR-615-3p,FoxO and ErbB signalling (predicted target genes),neuronal survival / apoptosis and autophagy signalling,"Cell survival, apoptosis and proteostasis",in_silico_prediction,miRWalk target prediction; DAVID GO/KEGG enrichment,"Therefore, miR-615-3p may be crucial to the pathogenesis of AD by regulating the FoxO and ErbB signaling pathways.",PubMed Central full text PMC8815048,Strongest single-marker AUC (0.835) and combined panel 0.870. Target-gene analysis was computational only.
35222718,Liu Y,2022,AD,miR-4722-5p + miR-615-3p,miR-615-3p,expression level in Abeta25-35-treated PC12 cells,Abeta-induced cell damage model,Amyloid and APP processing,experimental_in_included_study,Abeta25-35-induced rat PC12 cell line,"The mRNA expression levels of miR-4722-5p (t, 6.169) and miR-615-3p (t, 8.345) in the Aβ25-35-treated PC12 cells were also higher compared with that in the control group (P<0.05)",PubMed Central full text PMC8815048,Expression change only; no functional (gain/loss of function or target validation) experiment.
35222718,Liu Y,2022,AD,miR-4722-5p + miR-615-3p,miR-615-3p,MMSE score,cognitive severity,Correlation with clinical or biomarker measures,clinical_correlation,"human serum, n = 33 AD","The relative expression levels of serum miR-4722-5p (r, -0.771; P<0.0001;) and miR-615-3p (r, -0.780; P<0.0001;) were higher in patients with AD and lower MMSE scores.",PubMed Central full text PMC8815048,Negative Spearman correlation with MMSE.
31253822,Mancuso R,2019,AD,miR-223-3p,miR-223-3p,NLRP3 inflammasome / caspase-1,"neuroinflammation, inflammasome regulation",Neuroinflammation and innate immunity,literature_cited,cited monocyte/mononuclear cell literature,"One of the known negative regulators of NLRP3 expression is miR-223-3p, as indicated by the inverse correlation of expression of this miRNA and NLRP3 activation observed in mononuclear cells.",PubMed Central full text PMC6599033,Authors state serum miR-223-3p in PD 'could be related to mechanisms different from inflammasome'.
10.1038/s41598-019-45687-x#pd,Mancuso R,2019,PD,miR-223-3p,miR-223-3p,NLRP3 inflammasome / caspase-1,"neuroinflammation, inflammasome regulation",Neuroinflammation and innate immunity,literature_cited,cited monocyte/mononuclear cell literature,"One of the known negative regulators of NLRP3 expression is miR-223-3p, as indicated by the inverse correlation of expression of this miRNA and NLRP3 activation observed in mononuclear cells.",PubMed Central full text PMC6599033,Authors state serum miR-223-3p in PD 'could be related to mechanisms different from inflammasome'.
37324585,Piscopo P,2023,AD,miR-320a,miR-320a,MAPT mRNA (Tau),direct binding to MAPT transcript,"Tau, synaptic and neuronal signalling",experimental_in_included_study,"Kelly human neuroblastoma cells (miR-CATCH pull-down, qRT-PCR)",The relative enrichment of 9 of the selected miRNAs in the capture samples compared to scramble samples was confirmed by qRT-PCR TaqMan single assays,PubMed Central full text PMC10266489,"miR-320a was among the miRNAs enriched in MAPT mRNA:miRISC complexes; enrichment confirmed by TaqMan single assays (smallest of the confirmed set, ~13-fold). Quote taken from the paragraph that follows the selection sentence."
37324585,Piscopo P,2023,AD,miR-320a,miR-320a,MAPT / Tau protein,post-transcriptional repression of Tau,"Tau, synaptic and neuronal signalling",experimental_in_included_study,"Kelly human neuroblastoma cells; plasmid overexpression, western blot","They showed that miR-92a-3p, miR-320a, miR-320b, and let7e-5p significatively reduce Tau levels to 75, 84, 83 and 87%, respectively, compared to miR-181a as a control",PubMed Central full text PMC10266489,Gain-of-function. Tau reduced to 84% of control.
37324585,Piscopo P,2023,AD,miR-320a,miR-320a,MAPT / Tau protein,post-transcriptional repression of Tau,"Tau, synaptic and neuronal signalling",experimental_in_included_study,"Kelly human neuroblastoma cells; LNA inhibitor, western blot","Kelly cells were then transfected with LNA-based miRNA inhibitors for miR-320a, miR-320b and miR-92a-3p, which induced a significant increase in Tau levels, to 200, 173, 144%, respectively, compared to Control LNA",PubMed Central full text PMC10266489,Loss-of-function; Tau rose to 200% of control with the miR-320a inhibitor.
37324585,Piscopo P,2023,AD,miR-320a,miR-320a,"MAPT 3'UTR (region 6,353-6,373)",predicted binding site,"Tau, synaptic and neuronal signalling",in_silico_prediction,RNAHybrid minimum free energy computation,"Predicted binding sites of miR-320a and miR-320b (region 6,353–6,373, part of the 3’UTR) overlapped and their mfe was the same, as expected for the two miRNAs, which differ only by one nucleotide at their 3′ end.",PubMed Central full text PMC10266489,Site prediction only; no reporter or mutagenesis assay.
37324585,Piscopo P,2023,AD,miR-320a,miR-320a,"APP, BACE1, MAPT",AD-related target genes,Amyloid and APP processing,literature_cited,not specified (cited prediction),"Furthermore, the prediction of the miR-320a and miR-320b targets concerns the APP, BACE1 and MAPT genes",PubMed Central full text PMC10266489,Cited from other work.
37324585,Piscopo P,2023,AD,miR-320a,miR-320a,,neuronal development / psychiatric disorders,Neuronal development and other,literature_cited,not specified,"In a systematic review, miR-320 is described as one of the most frequently found miRNAs in the pathways related to neuronal development",PubMed Central full text PMC10266489,Also states 'Mir-320a and miR-320b were described as relevant in psychiatric disorders'.
37324585,Piscopo P,2023,AD,miR-320a,miR-320a,,age at onset and MMSE,Correlation with clinical or biomarker measures,clinical_correlation,"human plasma (AD n=33, FTD n=42, controls n=43)","Moreover, possible correlations between miRNAs concentration and age at onset or MMSE score were studied, not finding any significant results.",PubMed Central full text PMC10266489,"Null result, applies to all three miRNAs analysed including miR-320a. The text does not say in which population the null correlations with age at onset and MMSE were computed."
31849573,Cha DJ,2019,AD,miR-132-3p,miR-132-3p,,none,none,none_reported,"human frontal cortex (AD, HPC, controls) and plasma L1CAM exosomes","miR-132-3p was significantly different between disease groups (< 0.05), but did not reach statistical significance in pairwise comparisons (control vs. AD,= 0.130, HPC vs. AD,= 0.094).",PubMed Central full text PMC6902042,Paper measured brain expression itself; pairwise brain comparisons non-significant. Brain-tissue expression profiling from separate donors was used for candidate discovery only; it is not a mechanistic test and the direction of change in brain is not established by this sentence.
31849573,Cha DJ,2019,AD,miR-132-3p,miR-132,"Aβ, tau, apoptosis (literature)",Neuroprotection against Aβ/glutamate; tau pathology,"Tau, synaptic and neuronal signalling",literature_cited,tau transgenic mice (cited),"reductions in miR-132 appears to occur before neuronal loss andmiR-132 protects neurons against both Aβ and glutamate (), and overexpression of miR-132 reduces tau pathology and caspase-3-dependent apoptosis in tau transgenic mice ().",PubMed Central full text PMC6902042,Quote copied as printed (italic gene/word lost in extraction).
31849573,Cha DJ,2019,AD,miR-132-3p,miR-132 and miR-212,CSF Tau/Aβ42,Association with CSF AD biomarkers,Correlation with clinical or biomarker measures,clinical_correlation,human plasma neural exosomes,"Interestingly, higher CSF Tau/Aβ1-42 levels showed modest, but statistically significant association with lower levels of both miR-132 and miR-212 in plasma neural exosomes.",PubMed Central full text PMC6902042,
33817253,Shu Y,2020,PD,miR-132-3p,miR-132-3p,,"Association with severity (UPDRS-III, UPDRS-V, Braak stage)",Correlation with clinical or biomarker measures,clinical_correlation,serum from 82 PD patients,"the expression of miR-132-3p was negatively related to UPDRS-III (= −0.45,< 0.0001), UPDRS-V (= −0.55,< 0.0001) and Braak staging (= −0.46,< 0.0001).",PubMed Central full text PMC7747498,No mechanistic target or pathway offered by the paper.
37238734,Citterio LA,2023,PD,miR-7-1-5p x miR-223-3p (product of serum values),miR-7-1-5p,SNCA 3'UTR (alpha-synuclein),alpha-synuclein regulation,Alpha-synuclein biology,literature_cited,cited studies,"Moreover, recent studies showed that miR-7-5p has two specific binding sites with 3′UTR of α-Syn mRNA, and its overexpression could reducetranscription []",PubMed Central full text PMC10216839,Quote as printed (gene name lost in extraction). Paper also reports serum miR-7-1-5p correlated with serum alpha-synuclein in PD (p = 0.05). The quoted sentence names miR-7-5p; the paper treats it as the same marker as miR-7-1-5p.
37238734,Citterio LA,2023,PD,miR-7-1-5p x miR-223-3p (product of serum values),miR-223-3p,NLRP3 inflammasome,neuroinflammation,Neuroinflammation and innate immunity,literature_cited,cited studies,"miR-223-3p is a crucial miRNA in PD because, besides to binding α-Syn, this miRNA plays a pivotal role in the modulation of the inflammasome, acting as a negative regulator ofexpression []",PubMed Central full text PMC10216839,"Quote as printed. Text states it did not measure NLRP3 (""i.e., measurement of Ca+ flux and NLRP3 mRNA in blood cells"" listed as future work). The quoted sentence names miR-7-5p; the paper treats it as the same marker as miR-7-1-5p."
34381349,Vallelunga A,2021,PD,miR-96-5p,miR-96-5p,"miRTarBase targets (27 experimentally supported); apoptosis, neurogenesis, dopamine receptor signalling; BDNF, GDNF, TIMP-1","Apoptosis, neurogenesis, dopaminergic signalling (predicted)","Cell survival, apoptosis and proteostasis",in_silico_prediction,miRTarBase and STRING databases,"Using miRTarBase, we identified 203 target genes of miR-96-5p but only 27 of them had experimentally confirmed strong mRNA-miRNA interactions.",PubMed Central full text PMC8350521,"No experiment run by the authors. Paper found miR-96-5p decreased in PD vs HC, with the mechanistic discussion focused on MSA."
