study_id,first_author,year,disease,fulltext_availability,reference_standard_named,reference_standard_quote,autopsy_confirmed,blinding_stated,blinding_quote,source
10.1515/tjb-2025-0113,Miao Y,2026,AD,yes,yes,All AD cases were clinically confirmed based on NINCDS-ADRDA criteria through systematic evaluation at the Geriatric Hospital Affiliated to Wuhan University of Science and Technology during the recruitment period from June 2021 to December 2023.,no,not_stated,,"Publisher full text (De Gruyter, open access CC BY 4.0), Turk J Biochem 2026;51:137-145, supplied by the author and re-read 2026-09-28"
10.19193/0393-6384_2020_3_291,Wu L,2020,PD,no_pmc_record,,,,,,full text not retrievable
10.3760/cma.j.cn371468-20200828-01692,Li J,2021,PD,no_pmc_record,,,,,,full text not retrievable
10.3760/cma.j.issn.0254-9026.2024.01.005,Chen T,2024,PD,no_pmc_record,,,,,,full text not retrievable
27814298,Lusardi TA,2017,AD,yes,yes,"The 50 AD participants were recruited from OHSU Neurology clinics and diagnosed with probable AD according to ADRDA-NINDS criteria [,] at a consensus conference of OADC clinicians, with mean MMSE scores between 18 and 19 (18.",no,not_stated,,"PubMed Central full text via NCBI, retrieved 2026-09-23"
27844283,Marques TM,2016,PD,yes,no,,,not_stated,,"PubMed Central full text via NCBI, retrieved 2026-09-23"
28137310,Hara N,2017,AD,yes,yes,"The validation set, NIG, was composed of clinically diagnosed subjects from Niigata University Medical and Dental Hospital. The diagnosis of AD was made by the criteria of the National Institute of Neurological and Communicative Diseases and the Stroke–Alzheimer’s Disease and Related Disorders Association",no,not_stated,,"PubMed Central full text via NCBI, re-read 2026-09-28 (second pass)"
29707120,Dos Santos MCT,2018,PD,yes,yes,PD was diagnosed according to the United Kingdom Brain Bank Society Criteria [].,no,not_stated,,"PubMed Central full text via NCBI, retrieved 2026-09-23"
31809862,Ludwig N,2019,AD,yes,no,,,not_stated,,"PubMed Central full text via NCBI, retrieved 2026-09-23"
32585840,Oliveira SR,2020,PD,yes,no,,,not_stated,,"PubMed Central full text via NCBI, retrieved 2026-09-23"
32955460,Sandau US,2020,AD,yes,yes,"AD patients were diagnosed with probable AD according to ADRDA-NINDS criteria [,], with a mean MMSE score of 21.",no,not_stated,,"PubMed Central full text via NCBI, retrieved 2026-09-23"
32962113,Karaglani M,2020,AD,yes,no,,,not_stated,,"PubMed Central full text via NCBI, retrieved 2026-09-23"
33129241,Hojati Z,2020,AD,yes,yes,NINDS-ADRDA and the revised criteria (pertained to the National Institute on Aging-Alzheimer’s Association) were used for the diagnosis of AD patients.,no,not_stated,,"PubMed Central full text via NCBI, retrieved 2026-09-23"
33416118,Grossi I,2020,PD,yes,no,,,not_stated,,"PubMed Central full text via NCBI, retrieved 2026-09-23"
33542630,Zhang M,2021,AD,yes,yes,The diagnosis of AD was performed according to the criteria of the National Institute of Neurological and Communication Disorders and Stroke/Alzheimer’s Disease and Related Disorders Association.,no,not_stated,,"PubMed Central full text via NCBI, re-read 2026-09-28 (second pass)"
34042273,Dong LH,2021,AD,yes,yes,The diagnostic criteria for AD patients were set by the National Institute of Neurology and the Institute of Alzheimer's Diseases.,no,not_stated,,"PubMed Central full text via NCBI, retrieved 2026-09-23"
34749366,Zhang M,2021,AD,no_pmc_record,,,,,,full text not retrievable
35655754,Wu L,2022,PD,yes,yes,"Patients with PD were examined and diagnosed by at least two experienced neurologists from the Department of Neurology of our hospital, according to the Movement Disorder Society (MDS) clinical diagnostic criteria of PD (,).",no,not_stated,,"PubMed Central full text via NCBI, retrieved 2026-09-23"
37483339,Aguilar MA,2023,PD,yes,no,,,not_stated,,"PubMed Central full text via NCBI, retrieved 2026-09-23"
38033547,Rai S,2023,PD,yes,yes,The clinical diagnosis was in accordance with the guidelines of the Movement Disorder Society (MDS) clinical diagnostic criteria for Parkinson's disease (Postuma et al.,no,not_stated,,"PubMed Central full text via NCBI, retrieved 2026-09-23"
38172670,Liang J,2024,PD,yes,yes,Patients with PD were diagnosed according to the UK Parkinson’s Disease Society Brain Bank diagnostic criteria [].,no,not_stated,,"PubMed Central full text via NCBI, retrieved 2026-09-23"
38200052,Li Y,2024,PD,yes,yes,"The diagnosis of PD was performed according to the International Parkinson and Movement Disorder Society (MDS) diagnostic criteria by at least two neurologists skilled in movement disorders, and all of the patients were diagnosed as idiopathic PD.",no,not_stated,,"PubMed Central full text via NCBI, retrieved 2026-09-23"
38618193,Duan X,2024,AD,yes,yes,"Materials and Methods Subject and Sample Collection All patients with AD (n=71) were enrolled between March 2017 and August 2018 at Changsha, Hunan Province, China, and diagnosed with possible or probable AD according to the 2011 version of the diagnostic guidelines for Alzheimer’s disease recommended by the National Institute on Aging-Alzheimer’s Association workgroups.",no,not_stated,,"PubMed Central full text via NCBI, retrieved 2026-09-23"
41373032,Omura T,2025,PD,yes,no,,,not_stated,,"PubMed Central full text via NCBI, retrieved 2026-09-23"
41836608,Yang SJ,2026,AD,yes,yes,"Subjects selected for this study were chosen based upon postmortem pathology for LBD (n = 30), AD (n = 31), AD/LBD (n = 30), AD/ALB (n = 19), or absence of AD and Lewy body pathology (controls) (n = 27).",yes,not_stated,,"PubMed Central full text via NCBI, re-read 2026-09-28 (second pass)"
42389429,Qin Q,2026,AD,yes,yes,"AD patients were diagnosed in accordance with established diagnostic guidelines,with AD patients confirmed through visual reading of [18F] florbetapir (AV45)-PET imaging and/ or a low Aβ42/40 ratio (<0.",no,yes,"All experimental procedures were performed under blinded conditions, with laboratory personnel remaining unaware of participants’ clinical diagnoses during the discovery, training, and validation phases.","PubMed Central full text via NCBI, retrieved 2026-09-23"
42492311,Chen P,2026,PD,no_pmc_record,,,,,,full text not retrievable
29670823,Chen L,2018,PD,yes,yes,"Totally we recruited 25 patients who met PD diagnostic criteria according to the United Kingdom Parkinson's Disease Society Brain Bank Clinical Diagnostic Criteria (Hughes, Daniel, Kilford, & Lees,)",no,no,,"PubMed Central full text PMC5893342 via NCBI, read 2026-09-28 (recall check)"
32077254,Li H,2020,PD,yes,yes,"The diagnosis of PD was performed according to the UK PD Brain Bank criteria (Joutsa, Gardberg, Roytta, & Kaasinen,).",no,no,,"PubMed Central full text PMC7196454 via NCBI, read 2026-09-28 (recall check)"
34315539,He S,2021,PD,yes,no,,no,no,,"PubMed Central full text PMC8317324 via NCBI, read 2026-09-28 (recall check)"
26078483,Dong H,2015,AD,yes,yes,"All of the patients underwent a detailed clinical examination and were diagnosed using the NINDS-AA criteria and laboratory evaluation as nondementia controls or as having MCI, AD, or VD.",no,yes,"During RT-qPCR analysis, the experimenters were blinded to the AD and control samples, and the AD samples and controls were mixed on the RT-qPCR plates to avoid batch effects.","PubMed Central full text PMC4452867 via NCBI, read 2026-09-28 (recall check)"
31092279,Siedlecki-Wullich D,2019,AD,yes,no,,no,no,,"PubMed Central full text PMC6521366 via NCBI, read 2026-09-28 (recall check)"
34315950,Chen Q,2021,PD,yes,yes,"All PD patients met the diagnostic criteria of the Movement Disorder Society in 2015, and all MSA patients were diagnosed according to Gilman’s criteria.",no,no,,"PubMed Central full text PMC8316346 via NCBI, read 2026-09-28 (recall check)"
40184025,Ravanidis S,2025,PD,yes,yes,Two neurologists diagnosed PD according to the criteria established by Postuma et al. [].,no,no,,"PubMed Central full text PMC12289787 via NCBI, read 2026-09-28 (recall check)"
31420923,Wang J,2019,AD,yes,yes,The diagnosis of AD was based on the criteria of National Institute of Neurological and Communication Disorders and Stroke/Alzheimers disease and Related Disorders Association (NINCDS‐ADRDA); the diagnosis of PD was made according to the criteria of Parkinson's Disease Society Brain Bank.,no,no,,"PubMed Central full text PMC6977154 via NCBI, read 2026-09-28 (recall check)"
35141392,Guévremont D,2022,AD,yes,no,,no,no,,"PubMed Central full text PMC8817674 via NCBI, read 2026-09-28 (recall check)"
42643339,Sandau US,2026,AD,yes,yes,"Participants with AD met the original National Institute of Neurological and Communicative Disorders and Stroke/Alzheimer’s Disease and Related Disorders Association inclusion criteria for probable AD revised criteria (). Participants with PD met the International Parkinson and Movement Disorder Society criteria of bradykinesia plus rest tremor or rigidity, in the absence of any exclusionary criteria ().",no,yes,"The 289 plasma samples were randomized prior to sample processing, and the operator was blinded to their diagnosis.","PubMed Central full text PMC13503333 via NCBI, read 2026-09-28 (recall check)"
10.3389/fnagi.2026.1788991#pd,Sandau US,2026,PD,yes,yes,"Participants with AD met the original National Institute of Neurological and Communicative Disorders and Stroke/Alzheimer’s Disease and Related Disorders Association inclusion criteria for probable AD revised criteria (). Participants with PD met the International Parkinson and Movement Disorder Society criteria of bradykinesia plus rest tremor or rigidity, in the absence of any exclusionary criteria ().",no,yes,"The 289 plasma samples were randomized prior to sample processing, and the operator was blinded to their diagnosis.","PubMed Central full text PMC13503333 via NCBI, read 2026-09-28 (recall check)"
33776746,Giuliani A,2021,AD,yes,yes,"Clinical diagnosis of AD was based upon the Diagnostic and Statistical Manual of Mental Disorders (DMS IV-R) and the National Institute of Neurological Communicative Disorders and Stroke–Alzheimer’s Disease and Related Disorders Association (NINCDS–ADRDA) criteria (McKhann et al.,).",no,no,,"PubMed Central full text PMC7990771 via NCBI, read 2026-09-28 (recall check)"
35222718,Liu Y,2022,AD,yes,yes,"The patients with AD were diagnosed according to the 1984 National Institute of Neurological and Communicative Disorders and Stroke, and the AD and Related Disorders Association criteria ().",no,no,,"PubMed Central full text PMC8815048 via NCBI, read 2026-09-28 (recall check)"
31253822,Mancuso R,2019,AD,yes,yes,The diagnosis of probable AD was performed according to the NINCDS-ADRDA criteriaand to the updated guidelines for AD of the National Institute on Aging Alzheimer’s Association. | Diagnosis of PD was based on the Queen Square Brain Bank Criteria.,no,no,,"PubMed Central full text PMC6599033 via NCBI, read 2026-09-28 (recall check)"
10.1038/s41598-019-45687-x#pd,Mancuso R,2019,PD,yes,yes,The diagnosis of probable AD was performed according to the NINCDS-ADRDA criteriaand to the updated guidelines for AD of the National Institute on Aging Alzheimer’s Association. | Diagnosis of PD was based on the Queen Square Brain Bank Criteria.,no,no,,"PubMed Central full text PMC6599033 via NCBI, read 2026-09-28 (recall check)"
37324585,Piscopo P,2023,AD,yes,yes,while the AD diagnosis followed DSM-IV and NINCDS-ADRDA criteria,no,no,,"PubMed Central full text PMC10266489 via NCBI, read 2026-09-28 (recall check)"
31849573,Cha DJ,2019,AD,yes,yes,"Subjects were designated as AD, MCI, and controls based on cognitive testing (MMSE) and CSF biomarker criteria.",no,yes,"DM coded and decoded the specimen designations to ensure all experiments were done blind to the disease status of donors/patient, conducted statistical analysis, prepared figures, and wrote the manuscript.","PubMed Central full text PMC6902042 via NCBI, read 2026-09-28 (recall check)"
33817253,Shu Y,2020,PD,yes,no,,no,no,,"PubMed Central full text PMC7747498 via NCBI, read 2026-09-28 (recall check)"
37238734,Citterio LA,2023,PD,yes,yes,Patients were diagnosed as being affected by PD via clinical evaluation according to the Movement Disorder Society (MDS) Clinical Diagnostic Criteria for PD,no,no,,"PubMed Central full text PMC10216839 via NCBI, read 2026-09-28 (recall check)"
34381349,Vallelunga A,2021,PD,yes,no,,no,no,,"PubMed Central full text PMC8350521 via NCBI, read 2026-09-28 (recall check)"
