record_key,pmid,doi,year,search_arm,title,triage,pmcid,fulltext_read,decision,decision_reason,decision_quote
25617425,25617425,10.1373/clinchem.2014.232165,2015,AD,MicroRNA in vitro diagnostics using immunoassay analyzers.,not_candidate,,,,,
26497684,26497684,10.18632/oncotarget.6158,2015,AD+PD,Altered microRNA profiles in cerebrospinal fluid exosome in Parkinson disease and Alzheimer disease.,not_candidate,,,,,
26631952,26631952,10.1016/j.parkreldis.2015.11.014,2015,AD+PD,Identification of a panel of five serum miRNAs as a biomarker for Parkinson's disease.,candidate,,no,not_assessed_no_open_fulltext,no PubMed Central full text available; abstract has no accuracy statement,
27475403,27475403,10.1016/j.gpb.2016.04.005,2016,AD,Absent MicroRNAs in Different Tissues of Patients with Acquired Cardiomyopathy.,not_candidate,,,,,
27501295,27501295,10.1089/omi.2016.0099,2016,AD,Can Peripheral MicroRNA Expression Data Serve as Epigenomic (Upstream) Biomarkers of Alzheimer's Disease?,candidate,,no,not_assessed_no_open_fulltext,no PubMed Central full text available; abstract has no accuracy statement,
27631879,27631879,10.1007/s12035-016-0088-8,2016,AD+PD,Plasma miR-34a-5p and miR-545-3p as Early Biomarkers of Alzheimer's Disease: Potential and Limitations.,candidate,,no,not_assessed_no_open_fulltext,no PubMed Central full text available; abstract has no accuracy statement,
27748571,27748571,10.1002/cbf.3224,2016,PD,Serum miR-221 serves as a biomarker for Parkinson's disease.,candidate,,no,not_assessed_no_open_fulltext,no PubMed Central full text available; abstract has no accuracy statement,
27909844,27909844,10.1007/s10895-016-1988-8,2016,AD,Design and Fabrication a Gold Nanoparticle-DNA Based Nanobiosensor for Detection of microRNA Involved in Alzheimer's Disease.,candidate,,no,not_assessed_no_open_fulltext,no PubMed Central full text available; abstract has no accuracy statement,
29060554,29060554,10.1109/EMBC.2017.8037513,2017,AD,Ensemble transfer learning for Alzheimer's disease diagnosis.,not_candidate,,,,,
29214873,29214873,10.1080/21691401.2017.1411930,2017,PD,A highly sensitive miR-195 nanobiosensor for early detection of Parkinson's disease.,not_candidate,,,,,
29512080,29512080,10.1007/978-1-4939-7704-8_19,2018,AD,Analysis of Micro-RNA Expression by qPCR on a Microfluidics Platform for Alzheimer's Disease Biomarker Discovery.,not_candidate,,,,,
29606187,29606187,10.3967/bes2018.011,2018,AD+PD,"The Serum Exosome Derived MicroRNA-135a, -193b, and -384 Were Potential Alzheimer's Disease Biomarkers.",candidate,,no,not_assessed_no_open_fulltext,no PubMed Central full text available; abstract has no accuracy statement,
29670823,29670823,10.1002/brb3.941,2018,PD,Identification of aberrant circulating miRNAs in Parkinson's disease plasma samples.,candidate,PMC5893342,yes,eligible,"UK Brain Bank-diagnosed PD vs healthy controls, plasma single miRNAs measured by RT-qPCR, AUC stated in text for let-7a, let-7f and miR-27a (abstract gave only 'AUC >0.8', exact values in full text).","Totally we recruited 25 patients who met PD diagnostic criteria according to the United Kingdom Parkinson's Disease Society Brain Bank Clinical Diagnostic Criteria (Hughes, Daniel, Kilford, & Lees,), with 64.96 ± 8.66 years old for average age and 16 males/nine females for gender."
30178852,30178852,10.26355/eurrev_201808_15727,2018,PD,Circulating exosomal miRNAs as diagnostic biomarkers in Parkinson's disease.,candidate,,no,not_assessed_no_open_fulltext,no PubMed Central full text available; abstract has no accuracy statement,
31092279,31092279,10.1186/s13195-019-0501-4,2019,AD,Altered microRNAs related to synaptic function as potential plasma biomarkers for Alzheimer's disease.,candidate,PMC6521366,yes,eligible,"Clinically diagnosed AD vs healthy controls, plasma miRNAs only (single miRNAs and a 3-miRNA logistic panel), AUC and sensitivity/specificity stated in the text; MCI-vs-HC estimates are recorded separately as non-primary.","AUC values for miR-92a-3p, miR-181c-5p and miR-210-3p when AD subjects were compared to HC were 0.70, 0.77 and 0.80, respectively."
31420923,31420923,10.1002/jcla.23006,2019,AD+PD,An investigation of microRNA-103 and microRNA-107 as potential blood-based biomarkers for disease risk and progression of Alzheimer's disease.,candidate,PMC6977154,yes,eligible,"Plasma miR-103 and miR-107 each have AUC and sensitivity/specificity for clinically diagnosed AD vs neurologically healthy controls (120 vs 120), single miRNA, RT-qPCR.","The following ROC curve analyses displayed that miR‐103 presented great value in distinguishing AD patients from healthy controls with AUC of 0.891 (95% CI: 0.850‐0.931); the sensitivity and specificity were 80.0% and 84.2%, respectively, at the best cutoff point (miR‐103 = .601) (FigureB)."
31572127,31572127,10.3389/fncel.2019.00399,2019,PD,Upregulated Expression of MicroRNA-204-5p Leads to the Death of Dopaminergic Cells by Targeting DYRK1A-Mediated Apoptotic Signaling Cascade.,candidate,,no,not_assessed_no_open_fulltext,no PubMed Central full text available; abstract has no accuracy statement,
31592314,31592314,10.1186/s40035-019-0169-5,2019,AD,Exploratory study on microRNA profiles from plasma-derived extracellular vesicles in Alzheimer's disease and dementia with Lewy bodies.,candidate,PMC6775659,yes,reports_accuracy_but_not_primary,"The only ROC result stated in the text is AD vs DLB (differential diagnosis, comparator is another dementia, not healthy controls); no AUC or sensitivity/specificity is stated for AD vs healthy controls, and the AUC is given only as 'over 0.9' with no exact value.",A predictive diagnostic value -based on ROC curves- to discriminate between AD and DLB patients rendered high specificity and sensitivity (AUC over 0.9) for the miRNAs hsa-miR-451a and hsa-miR-21-5p (Fig.).
31598718,31598718,10.1093/nar/gkz869,2020,PD,SEAweb: the small RNA Expression Atlas web application.,not_candidate,,,,,
31666070,31666070,10.1186/s12920-019-0607-3,2019,AD,A comparison of machine learning classifiers for dementia with Lewy bodies using miRNA expression data.,not_candidate,,,,,
31691877,31691877,10.1007/s10571-019-00751-y,2019,AD+PD,Specific Signatures of Serum miRNAs as Potential Biomarkers to Discriminate Clinically Similar Neurodegenerative and Vascular-Related Diseases.,candidate,PMC11448951,no,fulltext_unavailable,"PMC full text returned empty by the PubMed full-text tool (only abstract available); abstract mentions ROC curves and signatures but no values, so nothing could be extracted. Needs manual retrieval (abstract suggests PD/AD/VD/VP comparisons, possibly exosome vs vesicle-free serum).",
31833555,31833555,10.1042/BSR20181404,2019,AD,A nanobiosensor based on graphene oxide and DNA binding dye for multi-microRNAs detection.,not_candidate,,,,,
31849573,31849573,10.3389/fnins.2019.01208,2019,AD,miR-212 and miR-132 Are Downregulated in Neurally Derived Plasma Exosomes of Alzheimer's Patients.,candidate,PMC6902042,yes,eligible,"Plasma L1CAM-neuronal-EV miR-132-3p and miR-212 give AUC for CSF-biomarker-positive AD dementia vs cognitively intact biomarker-negative controls; single miRNAs, healthy-type controls.","ROC analysis () revealed that miR-132 levels separated controls from AD-MCI with an AUC of 0.58 (95% CI: 0.38–0.78), and controls from AD dementia with an AUC of 0.77 (95% CI: 0.61–0.93)."
32077254,32077254,10.1002/mgg3.1189,2020,PD,MicroRNA-150 serves as a diagnostic biomarker and is involved in the inflammatory pathogenesis of Parkinson's disease.,candidate,PMC7196454,yes,eligible,"UK Brain Bank-diagnosed PD (n=80) vs age/sex-matched healthy volunteers (n=60), serum miR-150 by RT-qPCR, AUC 0.880 with sensitivity and specificity stated.","A total of 80 PD patients were enrolled from the Shengli Oilfield Central Hospital between 2015 and 2017, and a control group, including 60 age‐ and gender‐matched healthy volunteers, was recruited in this study. The diagnosis of PD was performed according to the UK PD Brain Bank criteria"
32135232,32135232,10.1016/j.neuroscience.2020.02.044,2020,AD,Profile of Pathogenic Proteins and MicroRNAs in Plasma-derived Extracellular Vesicles in Alzheimer's Disease: A Pilot Study.,candidate,,no,not_assessed_no_open_fulltext,no PubMed Central full text available; abstract has no accuracy statement,
32321013,32321013,10.1590/0001-3765202020181203,2020,AD,Plasma miR-1273g-3p acts as a potential biomarker for early Breast Ductal Cancer diagnosis.,not_candidate,,,,,
32625049,32625049,10.3389/fnins.2020.00564,2020,AD,Therapeutic Effects of Transplanted Exosomes Containing miR-29b to a Rat Model of Alzheimer's Disease.,not_candidate,,,,,
32729466,32729466,10.1016/j.bios.2020.112278,2020,PD,High fluorescence quenching probe-based reverse fluorescence enhancement LFTS coupling with IS-primer amplification reaction for the rapid and sensitive Parkinson Disease-associated MicroRNA detection.,candidate,,no,not_assessed_no_open_fulltext,no PubMed Central full text available; abstract has no accuracy statement,
32860338,32860338,10.1002/acn3.51146,2020,PD,Validation of differentially expressed brain-enriched microRNAs in the plasma of PD patients.,candidate,PMC7480914,yes,reports_accuracy_but_not_primary,The only accuracy estimate is a 3-miRNA panel whose ROC 'takes age and sex into account' (miRNAs combined with clinical covariates) and is computed on data pooled from this study and the authors' earlier study; individual miRNAs have no AUC.,"The diagnostic sensitivity and specificity of a three‐miRNA panel (miR‐7‐5p, miR‐136‐3p, miR‐409‐3p), when age and sex are taken into account, were 72% and 67%, respectively, and the AUC was 0.736 (Fig.)."
32871216,32871216,10.1016/j.exger.2020.111080,2020,AD,Clinical significance of miR-433 in the diagnosis of Alzheimer's disease and its effect on Aβ-induced neurotoxicity by regulating JAK2.,candidate,,no,not_assessed_no_open_fulltext,no PubMed Central full text available; abstract has no accuracy statement,
33042470,33042470,,2020,AD+PD,"Long noncoding RNA MALAT1 and its target microRNA-125b are potential biomarkers for Alzheimer's disease management via interactions with FOXQ1, PTGS2 and CDK5.",candidate,PMC7540111,no,fulltext_unavailable,"The PMC record returned an empty full_text field (abstract only); ROC on plasma miR-125b for AD vs controls is claimed in the abstract but no numbers can be verified, so no estimates recorded.","CSF lnc-MALAT1/FOXQ1 and plasma lnc-MALAT1 were downregulated, while CSF miR-125b/PTGS2/CDK5 and plasma miR-125b/PTGS2 were upregulated in AD patients compared to PD patients and controls, which differentiated AD patients from PD patients and controls, as demonstrated by ROC curve analyses."
33045885,33045885,10.1080/00207454.2020.1835899,2020,PD,Differential expression and significance of miRNAs in plasma extracellular vesicles of patients with Parkinson's disease.,candidate,,no,not_assessed_no_open_fulltext,no PubMed Central full text available; abstract has no accuracy statement,
33076555,33076555,10.3390/ijms21207644,2020,AD,Uncharacterized RNAs in Plasma of Alzheimer's Patients Are Associated with Cognitive Impairment and Show a Potential Diagnostic Power.,candidate,PMC7588983,yes,reports_accuracy_but_not_primary,"ROC analysis was done in plasma from 37 AD and 37 controls, but the index tests are uncharacterised non-small RNAs (lncRNA-type transcripts), not microRNAs; no microRNA was evaluated.","As circulating microRNA biomarkers have been proposed for many diseases, including AD, we aimed to identify new diagnostic non-small RNAs in AD."
33279668,33279668,10.1016/j.exger.2020.111187,2020,AD,Neuroprotective effects of miR-331-3p through improved cell viability and inflammatory marker expression: Correlation of serum miR-331-3p levels with diagnosis and severity of Alzheimer's disease.,not_candidate,,,,,
33428703,33428703,10.1590/1678-4685-GMB-2020-0064,2021,AD,MicroRNA-149 is downregulated in Alzheimer's disease and inhibits β-amyloid accumulation and ameliorates neuronal viability through targeting BACE1.,not_candidate,,,,,
33531104,33531104,10.3967/bes2021.004,2021,AD,MicroRNA-135a in ABCA1-labeled Exosome is a Serum Biomarker Candidate for Alzheimer's Disease.,candidate,,no,not_assessed_no_open_fulltext,no PubMed Central full text available; abstract has no accuracy statement,
33800495,33800495,10.3390/ijms22052737,2021,AD+PD,Different miRNA Profiles in Plasma Derived Small and Large Extracellular Vesicles from Patients with Neurodegenerative Diseases.,candidate,PMC7962970,yes,not_eligible,"Small RNA-seq differential expression and pathway analysis of plasma SEV/LEV miRNAs (6 AD, 9 PD, 6 healthy); no AUC, sensitivity or specificity anywhere in the full text.","Differential expression analysis was performed with the R package DESeq2, implemented in docker4seq package. We imposed a minimum |Log2FC| of 1 and a FDR lower than 0.1 as thresholds to detect differentially expressed miRNAs."
33817253,33817253,10.1515/biol-2020-0060,2020,PD,Aberrant expression of microRNA-132-3p and microRNA-146a-5p in Parkinson's disease patients.,candidate,PMC7747498,yes,eligible,"Serum miR-132-3p and miR-146a-5p AUC for PD vs healthy volunteers, single miRNAs.","As demonstrated in, the AUC of miR-132-3p and miR-146a-5p in discriminating PD from healthy controls was 0.7325 (95% CI = 0.6400–0.8251) and 0.7295 (95% CI = 0.3658–0.8232), respectively."
34279788,34279788,10.1007/s12017-021-08676-w,2021,AD+PD,Diagnostic Performance of miR-485-3p in Patients with Parkinson's Disease and its Relationship with Neuroinflammation.,candidate,,no,not_assessed_no_open_fulltext,no PubMed Central full text available; abstract has no accuracy statement,
34315539,34315539,10.1186/s40035-021-00249-y,2021,PD,Several miRNAs derived from serum extracellular vesicles are potential biomarkers for early diagnosis and progression of Parkinson's disease.,candidate,PMC8317324,yes,eligible,"Clinically diagnosed PD (H&Y II-IV) vs 31 healthy controls, serum EV single miRNAs by small RNA-seq with stage-wise AUCs in the text; caveat: only stage-stratified AUCs vs controls (shared controls, same samples used for discovery), diagnostic criteria not named.","A total of 103 participants were enrolled, including 31 healthy controls, 8 stage II, 42 stage III and 22 stage IV PD patients according to the Hoehn & Yahr (H&Y) scale []. The patients were diagnosed as idiopathic PD by H&Y stages without sex or age restrictions."
34315950,34315950,10.1038/s41598-021-94734-z,2021,PD,Elevated plasma miR-133b and miR-221-3p as biomarkers for early Parkinson's disease.,candidate,PMC8316346,yes,eligible,"MDS-criteria PD vs healthy controls in plasma, single miRNAs and miRNA-only combinations, AUC and sensitivity/specificity stated, with an independent validation cohort (46 PD, 45 HC).","ROC curve analysis revealed good diagnostic values for miR-133b to differentiate PD from controls (AUC values 0.84, 82.6% sensitivity and 88.9% specificity; Fig.a), whereas the diagnostic values for miR-221-3p were lower (AUC values 0.64, 55.2% sensitivity and 80.0% specificity; Fig.b)."
34730175,34730175,10.1093/database/baab072,2021,AD,JAMIR-eQTL: Japanese genome-wide identification of microRNA expression quantitative trait loci across dementia types.,not_candidate,,,,,
34812409,34812409,10.1155/2021/8171236,2021,PD,Screening of Parkinson's Differential MicroRNA Based on GEO Database and Its Clinical Verification.,not_candidate,,,,,
34890883,34890883,10.1016/j.bios.2021.113864,2021,AD,Detection of multiplex exosomal miRNAs for clinically accurate diagnosis of Alzheimer's disease using label-free plasmonic biosensor based on DNA-Assembled advanced plasmonic architecture.,candidate,,no,not_assessed_no_open_fulltext,no PubMed Central full text available; abstract has no accuracy statement,
34955516,34955516,10.1097/YPG.0000000000000303,2022,AD,"Evaluation of hsa-let-7d-5p, hsa-let-7g-5p and hsa-miR-15b-5p plasma levels in patients with Alzheimer's disease.",candidate,,no,not_assessed_no_open_fulltext,no PubMed Central full text available; abstract has no accuracy statement,
35111747,35111747,10.3389/fcell.2021.755254,2022,PD,MicroRNA-409-3p Targeting at ATXN3 Reduces the Apoptosis of Dopamine Neurons Based on the Profile of miRNAs in the Cerebrospinal Fluid of Early Parkinson's Disease.,not_candidate,,,,,
35141392,35141392,10.1002/dad2.12251,2022,AD,Plasma microRNA vary in association with the progression of Alzheimer's disease.,candidate,PMC8817674,yes,eligible,"Six-miRNA plasma signature (miRNA only) gives AUC 0.817 for AD vs cognitively normal controls; eligible but weak: pooled Otago and AIBL cohorts, signature chosen and evaluated in the same data, no sensitivity/specificity or n for this ROC, and other reported AUCs are for MCI or amyloid-positive cognitively normal (excluded).","Derived AUCs were CN‐Aβ+: 0.857 (miR‐29c‐3p and miR‐335‐5p); MCI: 0.823 (miR‐142‐3p, miR‐324‐5p, miR‐195b‐5p, miR‐148a‐3p); and AD: 0.817 (miR‐27a‐3p, miR‐27b‐3p, miR‐122‐5p, miR‐193b‐3p, miR‐324‐5p and miR‐885‐5p)."
35199307,35199307,10.1007/s12031-022-01984-1,2022,PD,"Cytokines, miRNAs, and Antioxidants as Combined Non-invasive Biomarkers for Parkinson's Disease.",candidate,,no,not_assessed_no_open_fulltext,no PubMed Central full text available; abstract has no accuracy statement,
35222718,35222718,10.3892/etm.2022.11166,2022,AD,MicroRNA-4722-5p and microRNA-615-3p serve as potential biomarkers for Alzheimer's disease.,candidate,PMC8815048,yes,eligible,"Clinically diagnosed AD (NINCDS-ADRDA) vs 33 healthy controls, serum miRNAs by RT-qPCR, with AUC plus sensitivity and specificity stated in the Results text (abstract states no accuracy value).","The area under the curve (AUC) of serum miR-4722-5p was 0.781, the sensitivity was 0.697 and the specificity was 0.848 (). The AUC of serum miR-615-3p was 0.835, the sensitivity was 0.727 and the specificity was 0.909 ()."
35432916,35432916,10.1155/2022/8683877,2022,PD,Diagnostic Test to Identify Parkinson's Disease from the Blood Sera of Chinese Population: A Cross-Sectional Study.,candidate,PMC9007633,yes,reports_accuracy_but_not_primary,"AUCs for PD vs healthy are stated for five exosomal miRNAs, but the ROC is reported for serum and CSF exosomes jointly, CIs are inconsistent, n unstated and PD criteria not named; conservatively kept out of the primary pool for reviewer decision (could be upgraded to serum_exosome if the reviewer accepts the serum reading).","The area under the curve (AUC) values were miR-151a-5p, AUC = 0.857 (95% confidence interval, CI, 0.835–0.901); miR-24, AUC = 0.875 (95% CI, 0.754–0.853); mir-485-5p, AUC = 0.896 (95% CI, 0.753–0.842); mir-331-5p, AUC = 0.88 (95% CI, 0.912–0.749); and mir-214, AUC = 0.929 (95% CI, 0.843–0.921)."
35447599,35447599,10.1016/j.bios.2022.114279,2022,AD,miRNA sensing hydrogels capable of self-signal amplification for early diagnosis of Alzheimer's disease.,candidate,,no,not_assessed_no_open_fulltext,no PubMed Central full text available; abstract has no accuracy statement,
35532940,35532940,10.1093/gerona/glac106,2023,AD+PD,Circulating micro-RNAs Differentially Expressed in Korean Alzheimer's Patients With Brain Aβ Accumulation Activate Amyloidogenesis.,candidate,,no,not_assessed_no_open_fulltext,no PubMed Central full text available; abstract has no accuracy statement,
35752392,35752392,10.1016/j.nbd.2022.105800,2022,AD,MicroRNA-29c-3p in dual-labeled exosome is a potential diagnostic marker of subjective cognitive decline.,candidate,,no,not_assessed_no_open_fulltext,no PubMed Central full text available; abstract has no accuracy statement,
36016853,36016853,10.3389/fnagi.2022.933019,2022,AD,"Analysis of ROQUIN, Tristetraprolin (TTP), and BDNF/miR-16/TTP regulatory axis in late onset Alzheimer's disease.",candidate,,no,not_assessed_no_open_fulltext,no PubMed Central full text available; abstract has no accuracy statement,
36251230,36251230,10.1007/s11033-022-07987-w,2022,AD,Potential of hsa-miR200a-3p and hsa-miR502-3p as blood-based biomarker for Alzheimer's disease.,candidate,,no,not_assessed_no_open_fulltext,no PubMed Central full text available; abstract has no accuracy statement,
36318963,36318963,10.1021/acs.analchem.2c03542,2022,AD,Printed Electrochemical Strip for the Detection of miRNA-29a: A Possible Biomarker Related to Alzheimer's Disease.,not_candidate,,,,,
36348717,36348717,10.32607/actanaturae.11729,2022,PD,MicroRNA Expression Profile Changes in the Leukocytes of Parkinson's Disease Patients.,not_candidate,,,,,
36446162,36446162,10.1016/j.retram.2022.103367,2022,AD,Multiomics and artificial intelligence enabled peripheral blood-based prediction of amnestic mild cognitive impairment.,not_candidate,,,,,
36848007,36848007,10.1007/s13318-023-00816-w,2023,PD,Neurotherapeutic Effects of Quercetin and Its Metabolite Compounds on Cognitive Impairment and Parkinson's Disease: An In Silico Study.,not_candidate,,,,,
36951764,36951764,10.1021/acsami.2c21379,2023,AD,Dumbbell Aptamer Sensor Based on Dual Biomarkers for Early Detection of Alzheimer's Disease.,not_candidate,,,,,
37001292,37001292,10.1016/j.bios.2023.115269,2023,AD,Precise profiling of exosomal biomarkers via programmable curved plasmonic nanoarchitecture-based biosensor for clinical diagnosis of Alzheimer's disease.,candidate,,no,not_assessed_no_open_fulltext,no PubMed Central full text available; abstract has no accuracy statement,
37121335,37121335,10.1016/j.exger.2023.112195,2023,AD,MicroRNA-511-3p regulates Aβinduced decreased cell viability and serves as a candidate biomarker in Alzheimer's disease.,not_candidate,,,,,
37238734,37238734,10.3390/biom13050865,2023,PD,Serum and Exosomal miR-7-1-5p and miR-223-3p as Possible Biomarkers for Parkinson's Disease.,candidate,PMC10216839,yes,eligible,"Serum miR-7-1-5p, miR-223-3p and their two-miRNA product give AUC (with sensitivity/specificity) for MDS-criteria PD vs matched healthy controls.","ROC curve analysis showed that serum miR-7-1-5p concentration discriminates between PD and HC (= 0.0001, AUC: 0.7; 95%CI: 0.6–0.8; sensibility: 54.5%; specificity: 81.6%)."
37382573,37382573,10.1002/mds.29515,2023,PD,Detection of a Parkinson's Disease-Specific MicroRNA Signature in Nasal and Oral Swabs.,not_candidate,,,,,
38224658,38224658,10.1016/j.talanta.2024.125656,2024,AD,Entropy-driven catalysis-based lateral flow assay for sensitive detection of Alzheimer 's-associated MicroRNA.,not_candidate,,,,,
38364557,38364557,10.1016/j.talanta.2024.125747,2024,AD,A dual-signal amplification strategy based on rolling circle amplification and APE1-assisted amplification for highly sensitive and specific miRNA analysis for early diagnosis of alzheimer's disease.,candidate,,no,not_assessed_no_open_fulltext,no PubMed Central full text available; abstract has no accuracy statement,
38533034,38533034,10.1016/j.heliyon.2024.e27757,2024,AD,Colorimetric and fluorescent dual-biosensor based on zirconium and preasodium metal-organic framework (zr/pr MOF) for miRNA-191 detection.,not_candidate,,,,,
38670424,38670424,10.1016/j.envpol.2024.124035,2024,PD,Microglial exosomes in paraquat-induced Parkinson's disease: Neuroprotection and biomarker clues.,not_candidate,,,,,
38784444,38784444,10.3389/fnagi.2024.1388655,2024,PD,Integrative analysis of plasma and substantia nigra in Parkinson's disease: unraveling biomarkers and insights from the lncRNA-miRNA-mRNA ceRNA network.,not_candidate,,,,,
39273436,39273436,10.3390/ijms25179490,2024,AD,A New Strategy for Ultrasensitive Detection Based on Target microRNA-Triggered Rolling Circle Amplification in the Early Diagnosis of Alzheimer's Disease.,not_candidate,,,,,
39340541,39340541,10.1007/s00415-024-12699-1,2024,AD,"Exploiting the role of CSF NfL, CHIT1, and miR-181b as potential diagnostic and prognostic biomarkers for ALS.",not_candidate,,,,,
39552415,39552415,10.1080/07853890.2024.2425064,2024,PD,Identification of copper metabolism-related markers in Parkinson's disease.,not_candidate,,,,,
39589986,39589986,10.3390/bios14110527,2024,AD,Enzyme-Assisted Fluorescence Biosensor Based on Circular Single-Stranded DNA Without Group Modification for MicroRNA Detection.,not_candidate,,,,,
39607300,39607300,10.1021/acs.analchem.4c05865,2024,AD,Blood Screening of Femtomole Level Multiple Alzheimer's Disease Biomarkers by Metal Isotopic DNA Walkers.,not_candidate,,,,,
39920860,39920860,10.1186/s40001-025-02297-w,2025,AD+PD,Bioinformatics insights into mitochondrial and immune gene regulation in Alzheimer's disease.,not_candidate,,,,,
40183359,40183359,10.1177/1877718X251331930,2025,PD,Identification of a circRNA-miRNA-mRNA interactome associated with Parkinson's disease progression.,candidate,,no,not_assessed_no_open_fulltext,no PubMed Central full text available; abstract has no accuracy statement,
40630682,40630682,10.1039/d5ra02993g,2025,AD,Profiling characteristics of plasma exosomal miRNAs across cognitive stages: from normalcy to mild cognitive impairment and Alzheimer's disease.,candidate,PMC12235723,yes,reports_accuracy_but_not_primary,AD (n=10) vs NC (n=10) vs MCI (n=9) serum exosomal miRNAs; ROC reported jointly 'among the three groups' with no defined AD-vs-control contrast and best AUCs given only as thresholds; the MCI group and tiny n also preclude a clean case-control estimate.,"The results showed that several miRNAs exhibited great potential as potential biomarkers for disease diagnosis or progression. For example, miR-151-3p, miR-4433b-5p, miR-628-3p, and miR-210-3p all showed ROC curve area under the curve (AUC) greater than 0.8 among the three groups ()."
40744011,40744011,10.1016/j.crmeth.2025.101116,2025,AD,AAV vectors for specific and efficient gene expression in microglia.,not_candidate,,,,,
40848338,40848338,10.1016/j.bios.2025.117855,2025,AD,ECL-CRISPR array for multiplexed detection of miRNAs.,not_candidate,,,,,
41197132,41197132,10.1177/13872877251387584,2025,AD,Mitochondrial energy metabolism and Alzheimer's disease: Identifying key differentially expressed genes in blood.,not_candidate,,,,,
41589493,41589493,10.2174/0122115366411857251025004952,2026,AD,"Correlation of miR-214, miR-204, miR-25, miR-15a Expression with IL-33 and Malondialdehyde in Blood Samples from Patients with Alzheimer's Disease.",candidate,,no,not_assessed_no_open_fulltext,no PubMed Central full text available; abstract has no accuracy statement,
41606222,41606222,10.1007/s12035-026-05681-7,2026,PD,Up-regulated miR-4443 Holds Diagnostic Significance for Parkinson's Disease and may be Involved in Neuroinflammation.,candidate,,no,not_assessed_no_open_fulltext,no PubMed Central full text available; abstract has no accuracy statement,
41620770,41620770,10.1186/s13195-026-01977-x,2026,AD,An RNA biomarker panel for the diagnosis of Alzheimer's disease from whole blood.,candidate,PMC12954934,yes,reports_accuracy_but_not_primary,"AD vs healthy controls in whole blood, but the diagnostic panel is 4 mRNAs (no miRNA was validated and no miRNA accuracy is reported), so it fails the index-test criterion.","The final Alzheimer's disease (AD) panel includes only mRNAs, as non-coding RNAs lacked sufficient robustness in whole blood for clinical translation under our criteria."
41661182,41661182,10.1097/YPG.0000000000000411,2026,AD,The clinical significance of miR-484 in depression of older people with Alzheimer's disease and its potential role on depressive behavior.,candidate,,no,not_assessed_no_open_fulltext,no PubMed Central full text available; abstract has no accuracy statement,
41699353,41699353,10.1007/s12035-025-05620-y,2026,AD,Deregulation of Synaptic Plasticity-Related MicroRNAs After Repetitive Transcranial Magnetic Stimulation in Alzheimer's Disease.,not_candidate,,,,,
41773883,41773883,10.1097/WAD.0000000000000710,2026,AD,Serum Expression of miR-106b-3p and Its Diagnostic Significance in Alzheimer Disease.,candidate,,no,not_assessed_no_open_fulltext,no PubMed Central full text available; abstract has no accuracy statement,
42056645,42056645,10.1007/s00604-026-08040-4,2026,AD,Electrochemical detection of miRNA-128 in Alzheimer's disease using (3-aminopropyl) triethoxysilane and citrate-capped green-synthesized silver nanoparticles.,candidate,,no,not_assessed_no_open_fulltext,no PubMed Central full text available; abstract has no accuracy statement,
42127435,42127435,10.1016/j.saa.2026.128045,2026,AD,Quantum dot-enhanced tunable FRET nanosensor for Alzheimer's-associated dual miR-34 detection.,not_candidate,,,,,
42215422,42215422,10.1080/17410541.2026.2678221,2026,PD,Association between microRNA 155 gene polymorphism and sporadic Parkinson's disease.,not_candidate,,,,,
42337584,42337584,10.1186/s12951-026-04707-5,2026,PD,Development of a rapid and simple Xeno Nucleic Acid (XNA) sensor-based microRNA detection platform for Parkinson's disease diagnostics.,not_candidate,,,,,
42415371,42415371,10.1111/jnc.70519,2026,PD,PBMC circRNA Profiles Distinguish Atypical From Idiopathic Parkinsonism and Track Clinical Severity Across Syndromes.,not_candidate,,,,,
42446817,42446817,10.1007/s12035-026-06045-x,2026,PD,Circulating microRNAs as Promising Biomarkers in Parkinson's Disease.,not_candidate,,,,,
42643339,42643339,10.3389/fnagi.2026.1788991,2026,AD+PD,"Plasma multi-miRNA models classify Alzheimer's, Parkinson's, and Lewy body dementia.",candidate,PMC13503333,yes,eligible,"The miR-23a-3p/miR-423-5p ratio (miRNA only, unadjusted logistic regression) gives 7-fold cvAUC for AD vs NC (0.75) and PD vs NC (0.86) in plasma; the larger multi-miRNA models are age/sex-adjusted and trained for differential diagnosis so are excluded.","Here we recapitulated the performance of the top-2 miRNA classifier for AD vs. NC (cvAUC = 0.75 [0.66, 0.82];), just as we saw in our prior study (). But interestingly, the top-2 miRNA classifier showed even larger signal for both PD (cvAUC = 0.86 [0.79, 0.92]) and DLB (cvAUC = 0.88 [0.76, 0.97]) vs. NC ()."
import_AD_10.1002/adhm.202301010,,10.1002/adhm.202301010,2023,AD,Clinical Translation of Extracellular Vesicles,not_candidate,,,,,
import_AD_10.1002/brb3.70572,40418688,10.1002/brb3.70572,2025,AD,MicroRNA Signatures Predict Brain Amyloidosis and Neurodegeneration in Alzheimer’s Disease: Insights from [18F] AV45 and FDG PET Imaging,candidate,PMC12105656,yes,reports_accuracy_but_not_primary,AUCs are reported only for CSF miRNAs; in plasma no miRNA differed between AD and controls after FDR correction and no plasma AUC or sensitivity/specificity is stated.,"The plasma levels of none of the analyzed miRNAs were significantly different between the two groups after controlling for multiple comparisons (FDR < 0.05). We found significantly elevated levels of 10 miRNAs in the CSF in the AD group, including miR‐30b‐5p (p = 0.001), miR‐22‐3p (p = 0.001), miR‐26a‐5p (p = 0.036), miR‐323a‐3p (p = 0.008), miR‐29b‐3p (p = 0.013), miR‐181c‐5p (p = 0.022), miR‐30a‐3p (p = 0.008), miR‐24‐3p (p = 0.012), miR‐150‐5p (p = 0.027), and let‐7g‐5p (p = 0.022). These differences remained significant after FDR correction, and the diagnostic performance of each is illustrated in Figureand Table."
import_AD_10.1002/wsbm.1310,,10.1002/wsbm.1310,2015,AD,Integrative biomarker discovery in neurodegenerative diseases,not_candidate,,,,,
import_AD_10.1007/164_2019_220,,10.1007/164_2019_220,2020,AD,Lipids in exosome biology,not_candidate,,,,,
import_AD_10.1007/5584_2023_779,,10.1007/5584_2023_779,2024,AD,Extracellular Vesicles in Domestic Animals: Cellular Communication in Health and Disease,not_candidate,,,,,
import_AD_10.1007/978-3-319-75922-7_8,,10.1007/978-3-319-75922-7_8,2023,AD,Omic-Based Biomarkers Discovery in Alzheimer’s Disease: High-Throughput Approaches,not_candidate,,,,,
import_AD_10.1007/s11064-022-03563-7,,10.1007/s11064-022-03563-7,2022,AD,CircAXL Knockdown Alleviates Aβ1-42-Induced Neurotoxicity in Alzheimer’s Disease via Repressing PDE4A by Releasing miR-1306-5p,not_candidate,,,,,
import_AD_10.1007/s12031-026-02484-2,,10.1007/s12031-026-02484-2,2026,AD,Value of lncRNA LINC00641 as a Potential Biomarker for Diagnosis of Alzheimer’s Disease and Elucidation of its Underlying Molecular Mechanism,not_candidate,,,,,
import_AD_10.1007/s12035-015-9156-8,,10.1007/s12035-015-9156-8,2016,AD,MicroRNA-29a Is a Candidate Biomarker for Alzheimer’s Disease in Cell-Free Cerebrospinal Fluid,not_candidate,,,,,
import_AD_10.1007/s12035-015-9484-8,,10.1007/s12035-015-9484-8,2016,AD,"Peripheral Blood MicroRNA Expression Profiles in Alzheimer’s Disease: Screening, Validation, Association with Clinical Phenotype and Implications for Molecular Mechanism",candidate,,no,not_assessed_no_open_fulltext,no PubMed Central full text available; abstract has no accuracy statement,
import_AD_10.1007/s12035-016-0316-2,,10.1007/s12035-016-0316-2,2017,AD,A Customized Quantitative PCR MicroRNA Panel Provides a Technically Robust Context for Studying Neurodegenerative Disease Biomarkers and Indicates a High Correlation Between Cerebrospinal Fluid and Choroid Plexus MicroRNA Expression,not_candidate,,,,,
import_AD_10.1007/s12035-019-1562-x,,10.1007/s12035-019-1562-x,2019,AD,Novel miRNA PC-5P-12969 in Ischemic Stroke,not_candidate,,,,,
import_AD_10.1007/s12035-025-05159-y,,10.1007/s12035-025-05159-y,2025,AD,Elevated BACE1 mRNA Level is Associated with Lower miR-15a-5p and miR-19b-3p Expressions in Peripheral Blood Mononuclear Cells of Patients with Late-Onset Alzheimer’s Disease: Wet Lab Results and Bioinformatics Analysis,not_candidate,,,,,
import_AD_10.1007/s12035-026-05998-3,,10.1007/s12035-026-05998-3,2026,AD,Circ_0092222 is Enhanced in Alzheimer’s Disease and Exacerbates Aβ-induced Neurotoxicity Through Sponging miR-331-3p,not_candidate,,,,,
import_AD_10.1007/s12035-026-06042-0,,10.1007/s12035-026-06042-0,2026,AD,Inhibition of miR-25-3p Alleviates Neuroinflammation in Alzheimer's Disease By Targeting ADAM10,candidate,,no,not_assessed_no_open_fulltext,no PubMed Central full text available; abstract has no accuracy statement,
import_AD_10.1007/s13760-023-02388-7,,10.1007/s13760-023-02388-7,2024,AD,LncRNA MEG8 ameliorates Parkinson’s disease neuro-inflammation through miR-485-3p/FBXO45 axis,not_candidate,,,,,
import_AD_10.1007/s13760-026-03065-1,,10.1007/s13760-026-03065-1,2026,AD,LINC00926 promotes microglial M1 polarization and neuroinflammation by sponging miR-383-3p in Alzheimer’s disease: a potential diagnostic and therapeutic target,not_candidate,,,,,
import_AD_10.1016/bs.apha.2026.04.001,,10.1016/bs.apha.2026.04.001,2026,AD,Decoding disease progression: Biomarker in Alzheimer’s and Parkinson’s disease,not_candidate,,,,,
import_AD_10.1016/bs.irn.2026.08.006,,10.1016/bs.irn.2026.08.006,2026,AD,Blood-based biomarkers for Parkinson’s disease towards the biological definition,not_candidate,,,,,
import_AD_10.1016/j.bbrc.2017.11.122,,10.1016/j.bbrc.2017.11.122,2018,AD,Cerebrospinal fluid CD4+ T lymphocyte-derived miRNA-let-7b can enhances the diagnostic performance of Alzheimer's disease biomarkers,not_candidate,,,,,
import_AD_10.1016/j.biocel.2020.105747,,10.1016/j.biocel.2020.105747,2020,AD,Circular RNA expression profile of Alzheimer's disease and its clinical significance as biomarkers for the disease risk and progression,not_candidate,,,,,
import_AD_10.1016/j.bioelechem.2023.108553,,10.1016/j.bioelechem.2023.108553,2023,AD,Electrochemical miRNA-34a-based biosensor for the diagnosis of Alzheimer's disease,not_candidate,,,,,
import_AD_10.1016/j.biopsych.2021.12.015,,10.1016/j.biopsych.2021.12.015,2022,AD,Exosomal MicroRNA-Based Predictive Model for Preclinical Alzheimer's Disease: A Multicenter Study,candidate,,no,not_assessed_no_open_fulltext,no PubMed Central full text available; abstract has no accuracy statement,
import_AD_10.1016/j.bios.2020.112253,,10.1016/j.bios.2020.112253,2020,AD,Integrated individually electrochemical array for simultaneously detecting multiple Alzheimer's biomarkers,not_candidate,,,,,
import_AD_10.1016/j.bios.2025.118300,,10.1016/j.bios.2025.118300,2026,AD,Self-assembled DNA micelle-GNP for simultaneous detecting miRNAs of Alzheimer's disease via lateral flow assays,not_candidate,,,,,
import_AD_10.1016/j.cej.2025.171406,,10.1016/j.cej.2025.171406,2025,AD,High-velocity DNA nanoharvester-enabled ultrasensitive analysis: Decoding extracellular vesicles miRNA Assisted by machine learning for grading of alzheimer's disease,candidate,,no,not_assessed_no_open_fulltext,no PubMed Central full text available; abstract has no accuracy statement,
import_AD_10.1016/j.envpol.2025.127068,,10.1016/j.envpol.2025.127068,2025,AD,From disinfectant to neurodegeneration: Integrating machine learning and mendelian randomization reveals triclosan as a novel environmental risk factor for Alzheimer's disease,not_candidate,,,,,
import_AD_10.1016/j.humgen.2022.201129,,10.1016/j.humgen.2022.201129,2022,AD,The miR-146a-5p and miR-125b-5p levels as biomarkers for early prediction of Alzheimer's disease,candidate,,no,not_assessed_no_open_fulltext,no PubMed Central full text available; abstract has no accuracy statement,
import_AD_10.1016/j.ijbiomac.2019.05.061,,10.1016/j.ijbiomac.2019.05.061,2019,AD,"Development of a reliable microRNA based electrochemical genosensor for monitoring of miR-146a, as key regulatory agent of neurodegenerative disease",not_candidate,,,,,
import_AD_10.1016/j.jalz.2015.12.012,,10.1016/j.jalz.2015.12.012,2016,AD,Validating Alzheimer's disease micro RNAs using next-generation sequencing,candidate,,no,not_assessed_no_open_fulltext,no PubMed Central full text available; abstract has no accuracy statement,
import_AD_10.1016/j.jhazmat.2024.136719,,10.1016/j.jhazmat.2024.136719,2025,AD,Circular RNA circ_0061183 regulates microglial polarization induced by airborne ultrafine particles in HMC3 cells via sponging miR-98-5p,not_candidate,,,,,
import_AD_10.1016/j.mgene.2021.100968,,10.1016/j.mgene.2021.100968,2021,AD,Exploration of potential circulating micro-RNA as biomarker for Alzheimer's disease,candidate,,no,not_assessed_no_open_fulltext,no PubMed Central full text available; abstract has no accuracy statement,
import_AD_10.1016/j.molmet.2024.102014,,10.1016/j.molmet.2024.102014,2024,AD,"Picalm, a novel regulator of GLUT4-trafficking in adipose tissue",not_candidate,,,,,
import_AD_10.1016/j.nbd.2021.105481,,10.1016/j.nbd.2021.105481,2021,AD,Small nucleolar RNAs in plasma extracellular vesicles and their discriminatory power as diagnostic biomarkers of Alzheimer's disease,candidate,,no,not_assessed_no_open_fulltext,no PubMed Central full text available; abstract has no accuracy statement,
import_AD_10.1016/j.neulet.2024.137765,,10.1016/j.neulet.2024.137765,2024,AD,Diagnostic value and cognitive regulatory roles of long non-coding RNA UCA1 in Alzheimer's disease,not_candidate,,,,,
import_AD_10.1016/j.neuroscience.2023.01.008,,10.1016/j.neuroscience.2023.01.008,2023,AD,Exercise Protects Against Cognitive Injury and Inflammation in Alzheimer's Disease Through Elevating miR-148a-3p,not_candidate,,,,,
import_AD_10.1016/j.omtn.2023.07.016,,10.1016/j.omtn.2023.07.016,2023,AD,VWA3A-derived ependyma promoter drives increased therapeutic protein secretion into the CSF,not_candidate,,,,,
import_AD_10.1016/j.parkreldis.2025.108149,,10.1016/j.parkreldis.2025.108149,2026,AD,Plasma microRNA predict cognitive decline in Parkinson's disease,candidate,,no,not_assessed_no_open_fulltext,no PubMed Central full text available; abstract has no accuracy statement,
import_AD_10.1016/j.phrs.2024.107389,,10.1016/j.phrs.2024.107389,2024,AD,The bioenergetics of traumatic brain injury and its long-term impact for brain plasticity and function,not_candidate,,,,,
import_AD_10.1016/j.snb.2024.137134,,10.1016/j.snb.2024.137134,2025,AD,Ultrasensitive miRNA-135a-5p biochip for early Alzheimer's disease detection utilizing magneto-optical faraday effect and magnetoplasmonic nanoparticles,candidate,,no,not_assessed_no_open_fulltext,no PubMed Central full text available; abstract has no accuracy statement,
import_AD_10.1016/j.snb.2025.138826,,10.1016/j.snb.2025.138826,2026,AD,CRISPR-mediated 3D nanostructured surface plasmon resonance imaging biosensor for highly sensitive microRNA detection,candidate,,no,not_assessed_no_open_fulltext,no PubMed Central full text available; abstract has no accuracy statement,
import_AD_10.1038/s41467-020-17655-x,,10.1038/s41467-020-17655-x,2020,AD,A blood miRNA signature associates with sporadic Creutzfeldt-Jakob disease diagnosis,not_candidate,,,,,
import_AD_10.1038/s41598-019-45687-x,31253822,10.1038/s41598-019-45687-x,2019,AD,Circulatory miR-223-3p Discriminates Between Parkinson’s and Alzheimer’s Patients,candidate,PMC6599033,yes,eligible,Serum miR-223-3p (single miRNA) with AUC and CI for AD vs healthy and PD vs healthy in clinically diagnosed patients with cognitively normal controls (MMSE >=28).,"The area under curve (AUC) analysis showed that miR-223-3p serum concentration clearly discriminate between: 1) MCI and HC (AUC = 0.747; 95% CI = 0.634–0.840); 2) AD and HC (0.844; 0.771–0.900)3) PD and HC (0.934; 0.846–0.980), and 4) AD and PD (0.988; 0.926–1.000)"
import_AD_10.1038/s42003-019-0324-7,30820472,10.1038/s42003-019-0324-7,2019,AD,Risk prediction models for dementia constructed by supervised principal component analysis using miRNA expression data,candidate,PMC6389908,yes,eligible,"Serum 78-miRNA model (microarray only miRNAs) for probable AD vs cognitively normal controls with AUC in an independent validation split; eligible as a miRNA-only panel but a very large data-driven panel. Estimates recorded but excluded from the primary pool because the participants overlap with Karaglani et al. 2020 (dataset 2, GSE120584).","As a result, 78 miRNAs out of 2562 were employed for the final model construction in AD, which achieved an AUC of 0.874 in the validation cohort (Fig.). Of the 78, two miRNAs (MIMAT0004947 and MIMAT0022726) were AD-specific miRNAs reported in previous studies. The remaining previously reported miRNAs did not show significantly better outcome in logistic regression in the selection of miRNAs (Supplementary Data). A maximum average sensitivity and specificity of the ROC curve was achieved at a sensitivity of 0.933 and specificity of 0.660 in AD."
import_AD_10.1039/c7ra09767k,,10.1039/c7ra09767k,2017,AD,Early detection of Alzheimer's disease using a biosensor based on electrochemically-reduced graphene oxide and gold nanowires for the quantification of serum microRNA-137,not_candidate,,,,,
import_AD_10.1080/00032719.2021.2008950,,10.1080/00032719.2021.2008950,2022,AD,Early and In-Stage Diagnosis of Alzheimer’s Disease by the Simultaneous Fluorescent Determination of the Biomarkers miR-501-3p and miR-455-3p with Carbon Quantum Dots in Serum,candidate,,no,not_assessed_no_open_fulltext,no PubMed Central full text available; abstract has no accuracy statement,
import_AD_10.1080/07853890.2025.2610559,,10.1080/07853890.2025.2610559,2026,AD,Targeting CXCL8 in post-traumatic stress disorder and Alzheimer’s disease: insights from cross-disorder molecular analysis,not_candidate,,,,,
import_AD_10.1080/0886022x.2025.2519834,,10.1080/0886022x.2025.2519834,2025,AD,Identification and validation of parthanatos-related genes in end-stage renal disease,not_candidate,,,,,
import_AD_10.1089/rej.2025.0013,,10.1089/rej.2025.0013,2025,AD,Red Blood Cell-Derived Exosomes as Mediators of Age-Related Neurodegeneration,not_candidate,,,,,
import_AD_10.1093/nar/gkab987,,10.1093/nar/gkab987,2022,AD,BrainBase: A curated knowledgebase for brain diseases,not_candidate,,,,,
import_AD_10.1109/jbhi.2024.3439713,,10.1109/jbhi.2024.3439713,2024,AD,GREMI: An Explainable Multi-Omics Integration Framework for Enhanced Disease Prediction and Module Identification,not_candidate,,,,,
import_AD_10.1136/jnnp-2017-317492,,10.1136/jnnp-2017-317492,2018,AD,Downregulation of exosomal miR-204-5p and miR-632 as a biomarker for FTD: A GENFI study,not_candidate,,,,,
import_AD_10.1155/2015/625659,26078483,10.1155/2015/625659,2015,AD,Serum MicroRNA profiles serve as novel biomarkers for the diagnosis of alzheimer's disease,candidate,PMC4452867,yes,eligible,"NINCDS-type-diagnosed AD vs non-dementia controls, serum miRNAs alone (single and 4-miRNA panel), AUC with CI in training and independent validation sets; text-only (no abstract AUC).","All of the patients underwent a detailed clinical examination and were diagnosed using the NINDS-AA criteria and laboratory evaluation as nondementia controls or as having MCI, AD, or VD."
import_AD_10.1177/13872877251390836,,10.1177/13872877251390836,2025,AD,MicroRNA biomarkers in cerebrospinal fluid and plasma predicting cognitive decline in Alzheimer's disease,not_candidate,,,,,
import_AD_10.1177/13872877261437135,,10.1177/13872877261437135,2026,AD,Inflammation-related miR-155-5p as an APOE ε4-modulated biomarker for amyloid pathology in mild cognitive impairment,not_candidate,,,,,
import_AD_10.1177/13872877261454540,,10.1177/13872877261454540,2026,AD,Genetically prioritized druggable targets for amyloid-β pathology highlight ACE as a therapeutic candidate in Alzheimer's disease,not_candidate,,,,,
import_AD_10.1212/nxi.0000000000000267,,10.1212/nxi.0000000000000267,2016,AD,Comprehensive evaluation of serum microRNAs as biomarkers in multiple sclerosis,not_candidate,,,,,
import_AD_10.12659/msm.924263,,10.12659/msm.924263,2020,AD,Screening and identification of potential peripheral blood biomarkers for Alzheimer’s disease based on bioinformatics analysis,not_candidate,,,,,
import_AD_10.13705/j.issn.1671-6825.2020.10.041,,10.13705/j.issn.1671-6825.2020.10.041,2021,AD,Expression and diagnostic value of hsa_circ_0000880 in plasma of patients with Alzheimer's disease; [Hsa_circ_0000880在阿尔兹海默病患者血浆中的表达及诊断价值],not_candidate,,,,,
import_AD_10.1371/journal.pone.0126423,,10.1371/journal.pone.0126423,2015,AD,MicroRNA profiling of CSF reveals potential biomarkers to detect Alzheimer's disease,not_candidate,,,,,
import_AD_10.1371/journal.pone.0333801,41071767,10.1371/journal.pone.0333801,2025,AD,Identification and evaluation of potential microRNA markers for diagnostics in neurodegenerative diseases and correlation with other biochemical markers,candidate,PMC12513651,yes,reports_accuracy_but_not_primary,"The only miRNA accuracy (hsa-miR-29c-3p AUC 0.800, serum) compares healthy controls with a pooled 'neurodegenerative processes' group (AD, non-AD dementia, movement disorders, mixed), not AD or PD separately; no AD-only or PD-only AUC is stated.","For each biomarker, sensitivity and specificity (along with their 95% confidence intervals [CIs]) were calculated, comparing the control group to the group affected by neurodegenerative processes."
import_AD_10.14715/cmb/2021.67.4.24,,10.14715/cmb/2021.67.4.24,2021,AD,"Study on the correlation between PPARγ, Aβ1-42, miR-155 and the occurrence and development of diabetes",not_candidate,,,,,
import_AD_10.16016/j.2097-0927.202311088,,10.16016/j.2097-0927.202311088,2024,AD,Screening of serum exosomal miRNAs as diagnostic biomarkers in Alzheimer' s disease; [阿尔茨海默病血清外泌体 ｍｉＲＮＡ 生物标志物的筛选研究],candidate,,no,not_assessed_no_open_fulltext,no PubMed Central full text available; abstract has no accuracy statement,
import_AD_10.2119/molmed.2016.00136,,10.2119/molmed.2016.00136,2016,AD,Pygmy microRNA: Surveillance cops in therapy Kingdom,not_candidate,,,,,
import_AD_10.2217/bmm-2021-0098,,10.2217/bmm-2021-0098,2021,AD,Serum aberrant expression of miR-24-3p and its diagnostic value in Alzheimer's disease,candidate,,no,not_assessed_no_open_fulltext,no PubMed Central full text available; abstract has no accuracy statement,
import_AD_10.3233/jad-160468,,10.3233/jad-160468,2017,AD,Increased Serum miR-206 Level Predicts Conversion from Amnestic Mild Cognitive Impairment to Alzheimer's Disease: A 5-Year Follow-up Study,candidate,,no,not_assessed_no_open_fulltext,no PubMed Central full text available; abstract has no accuracy statement,
import_AD_10.3233/jad-210307,,10.3233/jad-210307,2021,AD,Novel Plasma miRNAs as Biomarkers and Therapeutic Targets of Alzheimer's Disease at the Prodromal Stage,candidate,,no,not_assessed_no_open_fulltext,no PubMed Central full text available; abstract has no accuracy statement,
import_AD_10.3233/jad-215502,,10.3233/jad-215502,2022,AD,Alzheimer's Disease Diagnostics Using miRNA Biomarkers and Machine Learning,not_candidate,,,,,
import_AD_10.33263/briac112.86868701,,10.33263/briac112.86868701,2021,AD,Genome-wide integrative analysis reveals common molecular signatures in blood and brain of alzheimer’s disease,not_candidate,,,,,
import_AD_10.3389/fnagi.2020.598606,,10.3389/fnagi.2020.598606,2021,AD,A Signature of Five Long Non-Coding RNAs for Predicting the Prognosis of Alzheimer's Disease Based on Competing Endogenous RNA Networks,not_candidate,,,,,
import_AD_10.3389/fnagi.2021.647015,33776746,10.3389/fnagi.2021.647015,2021,AD,Circulating Inflamma-miRs as Potential Biomarkers of Cognitive Impairment in Patients Affected by Alzheimer’s Disease,candidate,PMC7990771,yes,eligible,"Plasma miR-21-5p and miR-126-3p have AUC (and sensitivity/specificity) for clinically diagnosed AD vs healthy age-matched non-demented controls, single miRNA, RT-qPCR; accuracy appears only in the Results text, not the abstract.","To evaluate the ability of the selected inflamma-miRs to discriminate between HC and AD patients, we performed ROC curve analysis, unraveling significant AUCs for miR-21-5p (= 0.675,= 0.001) and miR-126-3p (= 0.620,= 0.024;). The optimal relative expression cut-off for miR-21-5p (0.214) was associated with a sensitivity of 55.0%, a specificity of 70.7%, a positive predictive value (PPV) of 84.6%, and a negative predictive value (NPV) of 34.9%."
import_AD_10.3389/fnagi.2025.1637368,40766177,10.3389/fnagi.2025.1637368,2025,AD,miR-423-5p and miR-92a-3p in Alzheimer’s disease: relationship with pathology and cognition,candidate,PMC12321855,yes,reports_accuracy_but_not_primary,"The only accuracy statistic is a cross-validated machine-learning AUC for a model combining miR-423-5p and miR-92a-3p with age, sex and APOE e4 status (miRNAs combined with clinical variables); no miRNA-only AUC, sensitivity or specificity is given.","Model 1, including age, sex, andε4 carrier status, achieved a mean AUC value of 0.708. The mean AUC value of Model 2, obtained by adding two AD-associated key miRNAs, miR-423-5p and miR-92a-3p, to Model 1, increased to 0.757."
import_AD_10.3389/fnhum.2025.1614132,,10.3389/fnhum.2025.1614132,2025,AD,Bibliometric analysis of neural injury biomarkers in neurodegenerative diseases: research trends and future perspectives,not_candidate,,,,,
import_AD_10.3389/fnmol.2023.1127163,37324585,10.3389/fnmol.2023.1127163,2023,AD,Identification of miRNAs regulating MAPT expression and their analysis in plasma of patients with dementia,candidate,PMC10266489,yes,eligible,"Plasma single miRNAs (miR-92a-3p, miR-320a) with stated AUC for AD vs cognitively normal healthy controls (AUC given with sensitivity; no specificity).","The miR-92a-3p distinguished healthy controls from AD patients with AUC = 0.76 (= 0.0002) and best accuracy of (60 ± 5)% and 63% sensitivity, both in females (AUC = 0.77; = 0.003; (62 ± 6)% accuracy; 52% sensitivity) and in males (AUC = 0.75; = 0.02; (50 ± 2)% accuracy; 93% sensitivity)."
import_AD_10.3389/fpsyt.2025.1589374,,10.3389/fpsyt.2025.1589374,2025,AD,Exosomal microRNA signatures in youth at clinical high risk for bipolar disorder,not_candidate,,,,,
import_AD_10.3390/biom9110734,31766231,10.3390/biom9110734,2019,AD,Elevated plasma microRNA-206 levels predict cognitive decline and progression to dementia from mild cognitive impairment,candidate,PMC6920950,yes,reports_accuracy_but_not_primary,"AUCs are given only within MCI (FCSRT deficit, MMSE decline); AD vs control for miR-206 is reported as a p value and fold change with no AUC or sensitivity/specificity.","ROC analysis showed a good accuracy of miR-206 in plasma for identifying FCSRT deficits at MCI (0.0277, AUC = 0.82) and for identifying MCI subjects with declining MMSE scores over 4 years (= 0.021, AUC = 0.83) (A). Notably, the inclusion of early drop-outs with “last observation carried forward” (subject is included in analysis with last analysis before dropout taken as the endpoint) increased correlations and sensitivity and specificity of miR-206 for MCI with cognitive decline profoundly (= 0.001, AUC = 0.90)"
import_AD_10.3390/biomedicines14010059,,10.3390/biomedicines14010059,2026,AD,Oxidative Stress as a Central Mechanistic Bridge Between Alzheimer’s and Vascular Pathologies in Mixed Dementia: Emerging Evidence and Therapeutic Perspectives,not_candidate,,,,,
import_AD_10.3390/bios15060346,,10.3390/bios15060346,2025,AD,Multiplexed CRISPR Assay for Amplification-Free Detection of miRNAs,not_candidate,,,,,
import_AD_10.3390/cells10102697,,10.3390/cells10102697,2021,AD,Enhanced expression of microrna-1273g-3p contributes to alzheimer’s disease pathogenesis by regulating the expression of mitochondrial genes,not_candidate,,,,,
import_AD_10.3390/ijms21093158,,10.3390/ijms21093158,2020,AD,"Utility of animal models to understand human alzheimer’s disease, using the mastermind research approach to avoid unnecessary further sacrifices of animals",not_candidate,,,,,
import_AD_10.3390/jcm8111995,,10.3390/jcm8111995,2019,AD,Enrichment of exosome-like extracellular vesicles from plasma suitable for clinical vesicular mirna biomarker research,not_candidate,,,,,
import_AD_10.3760/cma.j.cn113661-20210131-00061,,10.3760/cma.j.cn113661-20210131-00061,2021,AD,Construction and validation of diagnostic models for Alzheimer's disease based on serum microRNAs; [基于血清小分子核糖核酸的阿尔茨海默病诊断模型构建与验证],candidate,,no,not_assessed_no_open_fulltext,no PubMed Central full text available; abstract has no accuracy statement,
import_AD_10.4103/nrr.nrr-d-23-01273,,10.4103/nrr.nrr-d-23-01273,2026,AD,Long noncoding RNA GAS5 acts as a competitive endogenous RNA to regulate GSK-3β and PTEN expression by sponging miR-23b-3p in Alzheimer's disease,not_candidate,,,,,
import_AD_10.4103/nrr.nrr-d-24-01165,,10.4103/nrr.nrr-d-24-01165,2026,AD,RBAD: The first database dedicated alterations of blood RNA in individuals with Alzheimer’s disease and their clinical relevance,not_candidate,,,,,
import_AD_10.4172/0975-9042.000117,26924913,10.4172/0975-9042.000117,2016,AD,Distinguishing mild cognitive impairment from Alzheimer's disease by increased expression of key circulating microRNAs,candidate,PMC4765144,no,fulltext_unavailable,"batch identifier resolved to an unrelated paper (PMC record mismatch); by title the study compares MCI with AD, so it would not meet the healthy-control criterion; full text not read",Utilization of same- vs. mixed-sex dyads impacts the observation of sex differences in juvenile social play behavior
import_AD_10.62617/mcb536,,10.62617/mcb536,2024,AD,Serum miRNA Detection-based Alzheimer’s disease prediction regression model,candidate,,no,not_assessed_no_open_fulltext,no PubMed Central full text available; abstract has no accuracy statement,
import_AD_wos_10.1016/j.microc.2025.114944,,10.1016/j.microc.2025.114944,2025,AD_wos,An immunobiosensor based on chelate-ring-containing iridium(III) complexes for electrochemiluminescence determination of TNF-α,not_candidate,,,,,
import_AD_wos_10.1021/acs.analchem.1c03858,,10.1021/acs.analchem.1c03858,2021,AD_wos,Universal Nanoparticle Counting Platform for Tetraplexed Biomarkers by Integrating Immunorecognition and Nucleic Acid Hybridization in One Assay,not_candidate,,,,,
import_AD_wos_10.1038/srep20364,,10.1038/srep20364,2016,AD_wos,Early diagnosis of Alzheimer's disease from elevated olfactory mucosal miR-206 level,not_candidate,,,,,
import_AD_wos_10.1186/s12883-017-1008-x,,10.1186/s12883-017-1008-x,2018,AD_wos,Plasma long non-coding RNA BACE1 as a novel biomarker for diagnosis of Alzheimer disease,not_candidate,,,,,
import_AD_wos_10.3389/fnmol.2016.00140,,10.3389/fnmol.2016.00140,2016,AD_wos,The Protective Role of microRNA-200c in Alzheimer's Disease Pathologies Is Induced by Beta Amyloid-Triggered Endoplasmic Reticulum Stress,not_candidate,,,,,
import_AD_wos_10.70594/brain/17.1/36,,10.70594/brain/17.1/36,2026,AD_wos,Advances in Nanotechnology-Engineered Exosomes for Early Biomarker Detection and Therapy in Alzheimer's Disease,not_candidate,,,,,
import_AD_wos_9,,,2018,AD_wos,Diagnostic uncertainty in Alzheimer's disease A bio-metrology perspective addressed to microRNA-based biomarkers,not_candidate,,,,,
import_PD_10.1002/mds.27935,,10.1002/mds.27935,2020,PD,Salivary microR-153 and microR-223 Levels as Potential Diagnostic Biomarkers of Idiopathic Parkinson's Disease,not_candidate,,,,,
import_PD_10.1002/sim.70211,,10.1002/sim.70211,2025,PD,A Bayesian Mixture of Exponential Family Factor Models for Uncovering Disease Progression Subtypes,not_candidate,,,,,
import_PD_10.1007/978-3-031-32815-2_17,,10.1007/978-3-031-32815-2_17,2023,PD,Considerations and Advances in Huntington’s Disease Clinical Trial Design,not_candidate,,,,,
import_PD_10.1007/s10048-026-00918-y,,10.1007/s10048-026-00918-y,2026,PD,Association of the miR-146a rs57095329 polymorphism with susceptibility and clinical phenotypes in Parkinson’s disease,not_candidate,,,,,
import_PD_10.1007/s11064-025-04662-x,,10.1007/s11064-025-04662-x,2026,PD,Serum Aberrant Expression of miR-431-5p and Their Diagnostic Value in Parkinson’s Disease,candidate,,no,not_assessed_no_open_fulltext,no PubMed Central full text available; abstract has no accuracy statement,
import_PD_10.1007/s12035-024-04581-y,,10.1007/s12035-024-04581-y,2025,PD,MicroRNA-Targeted Gene Regulation in Salivary Gland Tissue of De Novo Parkinson’s Disease Patients,not_candidate,,,,,
import_PD_10.1007/s12035-025-04890-w,40184025,10.1007/s12035-025-04890-w,2025,PD,Plasma miRNA Biomarker Signatures in Parkinsonian Syndromes,candidate,PMC12289787,yes,eligible,"Idiopathic PD (Postuma criteria) vs healthy controls, plasma miRNA-only panel with AUC stated; other reported estimates (MSA, PSP, differential diagnosis) are recorded as non-primary. Weak, small-sample estimate with an ambiguity about sex/age adjustment in the ROC model.","For distinguishing iPD patients from healthy controls, a two-miRNA panel (miR-153-3p, miR-598-3p) yielded an AUC of 0.73 (Fig.A)."
import_PD_10.1007/s12035-025-05252-2,,10.1007/s12035-025-05252-2,2025,PD,An Exploratory Analysis of Differential Tear Fluid miRNAs in Patients with Parkinson’s Disease and Atypical Parkinsonian Syndromes,not_candidate,,,,,
import_PD_10.1007/s13365-025-01286-3,,10.1007/s13365-025-01286-3,2025,PD,LncRNA MCF2L-AS1 inhibits neuronal damage induced by 1-methyl-4-phenylpyridinium (MPP+) via regulating miR-28-5p,not_candidate,,,,,
import_PD_10.1007/s13760-025-02870-4,,10.1007/s13760-025-02870-4,2026,PD,Clinical value of serum miR-451 in early diagnosis of multiple system atrophy from parkinson’s disease and outcomes prediction,candidate,,no,not_assessed_no_open_fulltext,no PubMed Central full text available; abstract has no accuracy statement,
import_PD_10.1016/j.brainres.2022.147814,,10.1016/j.brainres.2022.147814,2022,PD,LINC00943 acts as miR-338-3p sponge to promote MPP+-induced SK-N-SH cell injury by directly targeting SP1 in Parkinson's disease,not_candidate,,,,,
import_PD_10.1016/j.mseb.2022.116017,,10.1016/j.mseb.2022.116017,2022,PD,An innovative biodevice towards monitoring of miR-153 using specific DNA immobilized on the surface of poly(chitosan) decorated AgNPrs/GQDs-CysA conductive nano-ink: Early-stage diagnosis of Parkinson's disease using biosensor technology,not_candidate,,,,,
import_PD_10.1016/j.parkreldis.2025.108150,,10.1016/j.parkreldis.2025.108150,2026,PD,Transcriptomic analysis of plasma small extracellular vesicles identifies potential diagnostic biomarkers for Parkinson's disease dementia,not_candidate,,,,,
import_PD_10.1038/s41582-021-00598-2,,10.1038/s41582-021-00598-2,2022,PD,Exosomal microRNAs may aid differential diagnosis of movement disorders,not_candidate,,,,,
import_PD_10.1038/s41582-021-00611-8,,10.1038/s41582-021-00611-8,2022,PD,Exosomal microRNA is promising biomarker in PD,not_candidate,,,,,
import_PD_10.1080/15548627.2023.2196889,,10.1080/15548627.2023.2196889,2023,PD,"CircEPS15, as a sponge of MIR24-3p ameliorates neuronal damage in Parkinson disease through boosting PINK1-PRKN-mediated mitophagy",not_candidate,,,,,
import_PD_10.1111/jcmm.16612,34018309,10.1111/jcmm.16612,2021,PD,MiR-193b deregulation is associated with Parkinson's disease,candidate,PMC8366452,yes,reports_accuracy_but_not_primary,"AUC for miR-193b in PD vs healthy controls is stated, but the index sample is peripheral blood mononuclear cells (a cell fraction), not plasma, serum, whole blood or EVs; no sensitivity/specificity given.","The ROC curve analyses confirmed the significance of miR‐193b level as a potential biomarker for PD diagnosis, with AUC value of 0.7925 (= .0016, 95% CI: 0.6434‐0.9416, Figure)."
import_PD_10.1111/jcmm.16827,34328686,10.1111/jcmm.16827,2021,PD,Plasma hsa-mir-19b is a potential LevoDopa therapy marker,candidate,PMC8435426,yes,not_eligible,"ROC analyses of miR-19a, miR-19b, miR-195 (PD vs controls) are mentioned, but the AUC/sensitivity/specificity values are only in a table and figure that are not present in the retrieved full text, so no accuracy statistic can be copied. FLAG FOR MANUAL CHECK of the PDF: the validation lot (66 levodopa-treated PD vs 29 controls, plasma, MDS criteria, RT-qPCR) would otherwise be an eligible PD vs healthy-control contrast.","To evaluate the validated miRs' ability to discriminate between PD and controls, we performed ROC analyses for all five miRs (Tableand Figure). This analysis revealed that the five miRs exhibit relatively modest performances, with miR‐19a, miR‐19b and miR‐195 having the highest areas under the curve and the lowestvalues."
import_PD_10.1111/jnc.70355,41549541,10.1111/jnc.70355,2026,PD,Oxidative Stress—Related Serum Extracellular Vesicle miRNAs Indicate Symptom Severity and Cognitive Decline in Parkinson's Disease,candidate,PMC12813526,yes,not_eligible,"93 PD patients only, no healthy control group; serum EV miRNAs correlated with symptom severity and cognition; no AUC, sensitivity or specificity in the text.","However, without age‐matched controls, these associations may reflect aging‐related rather than PD‐specific processes."
import_PD_10.1111/nan.12864,,10.1111/nan.12864,2023,PD,Dysregulation of miR-543 in Parkinson's disease: Impact on the neuroprotective gene SIRT1,not_candidate,,,,,
import_PD_10.1155/padi/8731032,,10.1155/padi/8731032,2026,PD,Identification of Gene Signatures and Molecular Mechanisms for Diagnosing Parkinson’s Disease and Nonalcoholic Fatty Liver Disease Using Machine Learning,not_candidate,,,,,
import_PD_10.1177/00045632251328130,,10.1177/00045632251328130,2025,PD,Paired copy number variation analysis in siblings discordant for familial Parkinson’s disease,not_candidate,,,,,
import_PD_10.1186/s40580-025-00523-z,,10.1186/s40580-025-00523-z,2025,PD,"Correction: Efficient methods of isolation and purification of extracellular vesicles (Nano Convergence, (2025), 12, 1, (45), 10.1186/s40580-025-00509-x)",not_candidate,,,,,
import_PD_10.1360/ssc-2024-0181,,10.1360/ssc-2024-0181,2025,PD,"Surface-enhanced Raman scattering sensor based on Fe3O4@AuNPs enrichment, separation, and enzymatic shearing strategy for the diagnosis of Parkinson’s disease; [基于Fe3O4@AuNPs富集分离和酶剪切策略的表面增强拉曼光谱传感器用于帕金森病诊断]",not_candidate,,,,,
import_PD_10.2174/1570159x21666221128090025,,10.2174/1570159x21666221128090025,2023,PD,Clinical Trials of Non-Coding RNAs as Diagnostic and Therapeutic Biomarkers for Central Nervous System Injuries,not_candidate,,,,,
import_PD_10.31083/j.jin.2020.03.163,,10.31083/j.jin.2020.03.163,2020,PD,Identification of microRNAs for the early diagnosis of Parkinson's disease and multiple system atrophy,candidate,,no,not_assessed_no_open_fulltext,no PubMed Central full text available; abstract has no accuracy statement,
import_PD_10.3109/1354750x.2015.1118544,,10.3109/1354750x.2015.1118544,2016,PD,A panel of four decreased serum microRNAs as a novel biomarker for early Parkinsons disease,candidate,,no,not_assessed_no_open_fulltext,no PubMed Central full text available; abstract has no accuracy statement,
import_PD_10.3389/fnagi.2021.632891,34381349,10.3389/fnagi.2021.632891,2021,PD,Serum miR-96-5P and miR-339-5P Are Potential Biomarkers for Multiple System Atrophy and Parkinson's Disease,candidate,PMC8350521,yes,eligible,"Only miR-96-5p PD vs healthy controls has a stated AUC (0.645) for the PD arm; other reported accuracy is for MSA or PD vs MSA and is not eligible. Marginal: AUC only, no CI or sens/spec.","Similarly, miR-96-5p expression was decreased in PD patients (Mean ± SEM:0.051 ± 0.012) compared with HC (Mean ± SEM:0.057 ± 0.009) (fc:0.89;< 0.01) (). The AUC for miR-96-5p, when comparing PD and HC, was 0.645 ()."
import_PD_10.3389/fnagi.2021.684289,,10.3389/fnagi.2021.684289,2021,PD,Circulating CircRNAs Panel Acts as a Biomarker for the Early Diagnosis and Severity of Parkinson’s Disease,not_candidate,,,,,
import_PD_10.3389/fnagi.2024.1458476,,10.3389/fnagi.2024.1458476,2024,PD,Identification of key genes and diagnostic model associated with circadian rhythms and Parkinson’s disease by bioinformatics analysis,not_candidate,,,,,
import_PD_10.3389/fnins.2026.1784013,42057903,10.3389/fnins.2026.1784013,2026,PD,Retrospective longitudinal analysis of blood microRNA-7-5p as a possible progression biomarker in people with Parkinson’s disease,candidate,PMC13122771,yes,not_eligible,"Longitudinal whole-blood miR-7-5p (PPMI small RNA-seq) analysed with mixed-effects models against time, MDS-UPDRS and NfL; no AUC, sensitivity or specificity is reported, and baseline miR-7-5p did not differ between PD and controls.","There was no significant difference between PwP and HCs regarding male/female distribution, age, or log[miR-7-5p] levels (). However, log[NfL] levels were significantly higher in PwP compared to HCs"
import_PD_10.3390/cells10040791,,10.3390/cells10040791,2021,PD,Protein binding partners of dysregulated mirnas in parkinson’s disease serum,not_candidate,,,,,
import_PD_10.3390/cimb46090600,,10.3390/cimb46090600,2024,PD,Disulfidptosis: A New Target for Parkinson’s Disease and Cancer,not_candidate,,,,,
import_PD_10.3390/ijms24010712,,10.3390/ijms24010712,2023,PD,Role and Dysregulation of miRNA in Patients with Parkinson’s Disease,not_candidate,,,,,
import_PD_10.3390/ijms26104934,,10.3390/ijms26104934,2025,PD,"Telomere Length, Oxidative Stress Markers, and Related miRNAs in Non-Invasive Samples of Mild COVID-19 Cases",not_candidate,,,,,
import_PD_10.3892/mmr.2022.12604,,10.3892/mmr.2022.12604,2022,PD,A cerebrospinal fluid microRNA analysis: Progressive supranuclear palsy,not_candidate,,,,,
import_PD_wos_10.1016/j.brainres.2024.149097,,10.1016/j.brainres.2024.149097,2024,PD_wos,Identification of diagnose related therapeutic targets of Danggui buxue decoction in Parkinson's disease,not_candidate,,,,,
import_PD_wos_10.1021/acsami.3c00103,,10.1021/acsami.3c00103,2023,PD_wos,LoC-SERS Platform Integrated with the Signal Amplification Strategy toward Parkinson's Disease Diagnosis,not_candidate,,,,,
import_PD_wos_10.1093/nar/gkaa1161,,10.1093/nar/gkaa1161,2021,PD_wos,Validation of human microRNA target pathways enables evaluation of target prediction tools,not_candidate,,,,,
import_PD_wos_10.1371/journal.pone.0320257,,10.1371/journal.pone.0320257,2025,PD_wos,Identification of biomarkers associated with inflammatory response in Parkinson's disease by bioinformatics and machine learning,not_candidate,,,,,
import_PD_wos_10.3934/medsci.2015.1.7,,10.3934/medsci.2015.1.7,2015,PD_wos,Parkinson's Disease-related Circulating microRNA Biomarkers - a Validation Study,candidate,,no,not_assessed_no_open_fulltext,no PubMed Central full text available; abstract has no accuracy statement,
