study_id,first_author,year,disease,fulltext_read,biofluid_detail,reference_standard_basis,sample_source,disease_stage,medication_status,haemolysis_handling,normalization,candidate_selection,validation_design,threshold_prespecified,key_quotes,note
42389429,Qin Q,2026,AD,yes,serum,biomarker_supported,single_centre_retrospective_clinic,mixed,not_reported,measured_and_excluded,snRNA_U6,separate_discovery_sample,independent_cohort_locked_model,no,"confirmed through visual reading of [18F] florbetapir (AV45)-PET imaging and/ or a low Aβ42/40 ratio (<0.10) in CSF | quantitative hemolysis assessment was performed by measuring absorbance at optical density (OD) 414 nm | U6 used as the endogenous control | The entire model development process, including feature selection and hyperparameter optimization, was rigorously confined to the training cohort | This retrospective, single-center study","Discovery 85/65 (NGS), training 73/53, validation 99/99 + 36 VCI + 40 DLB; lab staff blinded to diagnosis."
38618193,Duan X,2024,AD,yes,serum_exosome,clinical_criteria,single_centre_clinic,not_reported,not_reported,procedural_only,snRNA_U6,separate_discovery_sample,separate_discovery_then_roc_in_evaluation_sample,no,diagnosed with possible or probable AD according to the 2011 version of the diagnostic guidelines ... NIA-AA | we rigidly adhered to the procedures of sample preparation ... to avoid hemolysis | using U6 RNA as an endogenous control | We selected 4 AD patients ... and 4 healthy individuals ... sequencing,Candidates chosen by abundance in a 4 v 4 sequencing sample; ROC and cut-off derived in the 71/71 qPCR cohort; no pre-fixed threshold.
33542630,Zhang M,2021,AD,yes,serum,clinical_criteria,single_centre_clinic,established,not_reported,not_reported,snRNA_U6,a_priori_literature,none_single_sample,no,we did not enroll early-stage patients | U6 was used as an internal control | 106 age- and sex-matched neurologically healthy volunteers,117 AD / 106 HC.
28137310,Hara N,2017,AD,yes,serum,clinical_criteria,single_centre_clinic,not_reported,not_reported,measured_and_excluded,spike_in_plus_endogenous_miRNA,separate_discovery_sample,separate_discovery_then_roc_in_evaluation_sample,no,We removed serum samples with >2 hemolysis ratio from the NIG validation set | using cel-miR-39-3p (spike-in) and hsa-miR-451a (endogenous control) for normalization | The diagnosis of AD was made by the criteria of the National Institute of Neurological and Communicative Diseases and the Stroke–Alzheimer's Disease,Candidates discovered in an autopsy-confirmed set (27/18); AUC from the clinically diagnosed NIG set (36/22).
33129241,Hojati Z,2020,AD,yes,serum,clinical_criteria,care_facility_residents,not_reported,drug_naive,not_reported,spike_in_plus_endogenous_miRNA,a_priori_literature,none_single_sample,no,The participated patients had not previously been prescribed with any treatment of the disease | hsa-miR-451and UniSp6 ... were used as the most endogenous internal control and the spike-in control,Patients resided at a welfare organisation; miR-661 near the detection limit (mean Ct 38).
41836608,Yang SJ,2026,AD,yes,plasma_neuronal_EV,neuropathological,single_centre_research_cohort_biobank,early,not_reported,not_reported,sequencing_library_size,same_sample_data_driven,none_single_sample,no,chosen based upon postmortem pathology | in the mild cognitive impairment [global CDR = 0.5] or mild dementia (global CDR = 1) stage | counts-per-million (CPM) normalization | the absence of a separate validation set is a limitation,miR-132-3p was the best of 13 differentially expressed miRNAs in the same sample.
32962113,Karaglani M,2020,AD,yes,blood,not_reported,public_dataset_reanalysis,not_reported,not_reported,not_reported,not_reported,training_split_only,random_split_holdout,no,Clinical information is restricted to the presence of diagnosed AD or not ... No information whatsoever is provided on the stage | randomly split into train and test sub-datasets by a 70/30 ratio | the absence of external validation,Two public datasets; dataset 1 is the Leidinger et al. whole-blood data (possible overlap with Ludwig 2019 participants).
31809862,Ludwig N,2019,AD,yes,whole_blood_PAXgene,not_reported,multi_centre_US_Germany,not_reported,not_reported,not_applicable_whole_blood,snRNA_RNU48,separate_discovery_sample,internal_resampling,no,"169 individuals from our initial study (36%), 107 individuals from the second study (23%) | delta Cq values in relation to the endogenous control (RNU48) | five repetitions of stratified ten-fold cross-validation | potentially different treatment regimens",Not poolable (group n only in supplement). Participant overlap with the group's earlier cohorts.
27814298,Lusardi TA,2017,AD,yes,CSF,clinical_criteria,single_centre_research_cohort_biobank,established,not_reported,not_reported,snRNA_U6,same_sample_data_driven,none_single_sample,no,diagnosed with probable AD according to ADRDA-NINDS criteria | Clinical Dementia Rating scores of 1–2 | Top-performing linear combinations of 3 and 4 miRNAs attain AUC of 0.80–0.82 | projected AUC (0.72),"CSF, held out. Internally validated (LOO) projection 0.72 against apparent 0.80."
32955460,Sandau US,2020,AD,yes,CSF,clinical_criteria,single_centre_research_cohort_biobank,mixed,not_reported,not_reported,positive_control_miRNAs,separate_discovery_sample,none_single_sample,no,We measured the expression of 17 miRNA biomarkers for AD in CSF samples | For detailed evaluation of classification performance (AUC) we used only the 5 trending miRNAs | absence of pathologic confirmation,"CSF, held out. Markers from the group's earlier studies; 5 'trending' chosen in-sample."
34042273,Dong LH,2021,AD,yes,serum,clinical_criteria,single_centre_clinic,mixed,not_reported,procedural_only,snRNA_U6,a_priori_literature,none_single_sample,no,"31 were mild samples (25.6%), 52 were moderate samples (43.0%), and 38 were severe samples (31.4%) | serum was separated within 2 h | normalized to U6",121 AD / 86 HC.
34749366,Zhang M,2021,AD,no,serum,not_assessable_no_fulltext,not_assessable_no_fulltext,not_assessable_no_fulltext,not_assessable_no_fulltext,not_assessable_no_fulltext,not_assessable_no_fulltext,not_assessable_no_fulltext,not_assessable_no_fulltext,not_assessable_no_fulltext,,"Abstract only (Neuroimmunomodulation, not open access)."
10.1515/tjb-2025-0113,Miao Y,2026,AD,no,serum,not_assessable_no_fulltext,not_assessable_no_fulltext,not_assessable_no_fulltext,not_assessable_no_fulltext,not_assessable_no_fulltext,not_assessable_no_fulltext,not_assessable_no_fulltext,not_assessable_no_fulltext,not_assessable_no_fulltext,,Scopus abstract only.
32585840,Oliveira SR,2020,PD,yes,serum,not_reported,single_centre_biobank,mixed,treated,excluded_method_not_stated,spike_in,a_priori_literature,separate_discovery_then_roc_in_evaluation_sample,no,All patients were taking antiparkinsonic medication at the time of sample collection | full spectrum of early to advanced PD ... Hoehn & Yahr stage (1–5) | excluded from further analysis due to sample hemolysis | cel-miR-39-3p ... as the normalization control | The iPD patients and controls of each cohort did not overlap,Independent discovery (20/20) and validation (17/14) cohorts; ROC re-derived in each.
35655754,Wu L,2022,PD,yes,plasma,clinical_criteria,single_centre_clinic,mixed,mixed,not_reported,spike_in,a_priori_literature,none_single_sample,no,34.7% (n = 26) of the patients were de novo PD | median disease duration was 2.0 years | normalized with cel-miR-39 | selecting the point with the maximum Yuden index as the cut-off value,Sensitivity/specificity labels possibly swapped (see sens_spec_label_check.csv).
38033547,Rai S,2023,PD,yes,plasma,clinical_criteria,single_centre_clinic,not_reported,not_reported,not_reported,endogenous_miRNA,same_sample_data_driven,none_single_sample,no,miR-16-5p was used as endogenous controls | Four miRNAs were selected based on their differential expression profile,16 PD / 16 age-matched controls; sequencing compared PD with young controls.
41373032,Omura T,2025,PD,yes,plasma,not_reported,commercial_biorepository,not_reported,mixed,not_reported,endogenous_miRNA,a_priori_literature,none_single_sample,no,purchased from Analytical Biological Services Inc. | detailed clinical information including disease severity scores was not available | has-miR-16-5p was utilized as an internal control,8 PD (2 on levodopa) / 6 HC; AUC not different from 0.5 (p = 0.297).
33416118,Grossi I,2020,PD,yes,plasma_EV,not_reported,single_centre_clinic,mixed,treated,not_reported,none_raw_ct,a_priori_literature,none_single_sample,no,qPCR data were reported as the average raw cycle thresholds (Ct) | miR-34a-5p levels in pure SEVs | The PD patients were male,EV fraction chosen post hoc among five tested; controls from a geriatrics unit.
29707120,Dos Santos MCT,2018,PD,yes,CSF_exosome,clinical_criteria,single_centre_clinic,early,not_reported,measured_and_excluded,sequencing_library_size,same_sample_data_driven,random_split_holdout,no,"mean disease duration = 2 years, median Hoehn and Yahr stage (H&Y) = 2 | CSF samples were tested for hemoglobin | training (63.5%) and test (36.5%) | a total of 3200 models were created","CSF, held out; model chosen among 3,200; test-split n not reported."
27844283,Marques TM,2016,PD,yes,CSF,clinical_criteria,single_centre_tertiary_clinic,not_reported,not_reported,measured_and_excluded,endogenous_miRNA_plus_snRNA,a_priori_literature,none_single_sample,no,erythrocyte number fewer than 200 cells/μl to avoid blood contamination | normalized to the geometric mean ... miRNA-16 and U6 | turned out not to have a neurological disease,"CSF, held out; controls are neurology referrals without neurological disease."
38200052,Li Y,2024,PD,yes,plasma_EV,clinical_criteria,single_centre_clinic,established,treated,not_reported,sequencing_library_size,training_split_only,random_split_holdout,no,UPDRS ... ON medications | average disease duration ... 5 years for PD patients | Feature selection from the training set (n = 67) | trained on a training set (60% of data) and evaluated on a validation set (remaining 40% of the data) | normalized by size factor,Reported CIs implausibly narrow; sens/spec labels appear swapped.
38172670,Liang J,2024,PD,yes,serum,clinical_criteria,single_centre_clinic,mixed,treated,not_reported,snRNA_U6,a_priori_literature,none_single_sample,no,"the mean LEDD was 510.5 | patient samples were collected at H&Y1,2,3 stages | normalizing with U6/GAPDH | Healthy controls were selected from the patient's relatives and friends | there is no replication queue",
37483339,Aguilar MA,2023,PD,yes,serum_neuronal_EV,clinical_criteria,research_biobank_NINDS_PDBP,mixed,mixed,not_reported,sequencing_library_size,same_sample_data_driven,random_split_holdout,no,42 were on antiparkinsonian medications and four were drug-naive | mean Hoehn and Yahr stage of 2.2 | 60% ... training and 40% for testing | The AUC values represent performance on the test set | freeze–thaw cycles and the long-term −80°C blood sample storage,Test-split n not reported; smRNAs selected on the whole post-QC set before the split.
10.3760/cma.j.issn.0254-9026.2024.01.005,Chen T,2024,PD,no,serum,not_assessable_no_fulltext,not_assessable_no_fulltext,not_assessable_no_fulltext,not_assessable_no_fulltext,not_assessable_no_fulltext,not_assessable_no_fulltext,not_assessable_no_fulltext,not_assessable_no_fulltext,not_assessable_no_fulltext,,Scopus abstract only (Chinese-language).
10.3760/cma.j.cn371468-20200828-01692,Li J,2021,PD,no,serum,not_assessable_no_fulltext,not_assessable_no_fulltext,not_assessable_no_fulltext,not_assessable_no_fulltext,not_assessable_no_fulltext,not_assessable_no_fulltext,not_assessable_no_fulltext,not_assessable_no_fulltext,not_assessable_no_fulltext,,Scopus abstract only (Chinese-language).
10.19193/0393-6384_2020_3_291,Wu L,2020,PD,no,serum,not_assessable_no_fulltext,not_assessable_no_fulltext,not_assessable_no_fulltext,not_assessable_no_fulltext,not_assessable_no_fulltext,not_assessable_no_fulltext,not_assessable_no_fulltext,not_assessable_no_fulltext,not_assessable_no_fulltext,,Scopus abstract only; title reports levodopa-related change in the markers.
42492311,Chen P,2026,PD,no,serum,not_assessable_no_fulltext,not_assessable_no_fulltext,not_assessable_no_fulltext,not_assessable_no_fulltext,not_assessable_no_fulltext,not_assessable_no_fulltext,not_assessable_no_fulltext,not_assessable_no_fulltext,not_assessable_no_fulltext,,PubMed abstract only; full text access-restricted.
